,Distrito,Cabecera Municipal,Diputado,Partido,Estado
0,1,Rincón de Romos,Fernando Marmolejo Montoya,Partido del Trabajo,Aguascalientes
1,2,El Llano,Juan Luis Jasso Hernández,Movimiento Regeneración Nacional,Aguascalientes
2,3,Pabellón de Arteaga,Cuauhtémoc Escobedo Tejada,Partido de la Revolución Democrática,Aguascalientes
3,4,San Francisco de los Romo,José de Jesús Altamira Acosta,Partido Acción Nacional,Aguascalientes
4,5,Aguascalientes,Raúl Silva Perezchica,Partido Acción Nacional,Aguascalientes
5,6,Aguascalientes,Jaime González de León,Partido Acción Nacional,Aguascalientes
6,7,Jesús María,Laura Patricia Ponce Luna,Partido Acción Nacional,Aguascalientes
7,8,Calvillo,Adán Valdivia López,Partido Acción Nacional,Aguascalientes
8,9,Aguascalientes,Alma Hilda Medina Macías,Partido Acción Nacional,Aguascalientes
9,10,Aguascalientes,Nancy Xóchitl Macías Pachecoa,Movimiento Ciudadano,Aguascalientes
10,11,Aguascalientes,María de Jesús Díaz Marmolejo,Partido Acción Nacional,Aguascalientes
11,12,Aguascalientes,Sanjuana Martínez Meléndez,Partido de la Revolución Democrática,Aguascalientes
12,13,Aguascalientes,Jedsabel Sánchez Montes,Partido Acción Nacional,Aguascalientes
13,14,Aguascalientes,Luis Enrique García López,Partido Acción Nacional,Aguascalientes
14,15,Aguascalientes,Mayra Guadalupe Torres Mercado,Partido Acción Nacional,Aguascalientes
15,16,Aguascalientes,Emanuelle Sánchez Nájera,Partido de la Revolución Democrática,Aguascalientes
16,17,Aguascalientes,Salvador Maximiliano Ramírez Hernández,Partido Acción Nacional,Aguascalientes
17,18,Aguascalientes,Juan Pablo Gómez Diosdado,Partido Acción Nacional,Aguascalientes
18,1,San José del Cabo,Eda María Palacios Márquez,Partido de Renovación Sudcaliforniana,Baja California Sur
19,2,La Paz,María Guadalupe Moreno Higuera,Movimiento Regeneración Nacional,Baja California Sur
20,3,La Paz,Guadalupe Vázquez Jacinto,Movimiento Regeneración Nacional,Baja California Sur
21,4,La Paz,José María Avilés Castro,Movimiento Regeneración Nacional,Baja California Sur
22,5,La Paz,Armando Martínez Vega,Partido Acción Nacional,Baja California Sur
23,6,La Paz,Eduardo Valentín Van Wormer Castro,Movimiento Regeneración Nacional,Baja California Sur
24,7,San José del Cabo,Luis Armando Díaz,Partido del Trabajo,Baja California Sur
25,8,Cabo San Lucas,Eufrosina López Velasco,Movimiento Regeneración Nacional,Baja California Sur
26,9,Cabo San Lucas,Gabriela Montoya Terrazas,Partido del Trabajo,Baja California Sur
27,10,Ciudad Constitución,Fernando Hoyos Aguilar,Partido del Trabajo,Baja California Sur
28,11,Ciudad Constitución,Enrique Ríos Cruz,Movimiento Regeneración Nacional,Baja California Sur
29,12,San José del Cabo,Christian Agúndez Gómez,Partido del Trabajo,Baja California Sur
30,13,Loreto,Paz del Alma Ochoa Amador,Partido Revolucionario Institucional,Baja California Sur
31,14,Guerrero Negro,Teresita de Jesús Valentín Vázquez,Movimiento Regeneración Nacional,Baja California Sur
32,15,La Paz,José Rigoberto Mares Aguilar,Partido Acción Nacional,Baja California Sur
33,16,Cabo San Lucas,Juan Pérez Cayetano,Movimiento Regeneración Nacional,Baja California Sur
34,1,Victoria de Durango,Alejandro Mojica Narváez,Partido Acción Nacional,Durango
35,2,Victoria de Durango,Ricardo Fidel Pacheco Rodríguez,Partido Revolucionario Institucional,Durango
36,3,Victoria de Durango,Fernando Londres Botello Castro,Partido de la Revolución Democrática,Durango
37,4,Victoria de Durango,Gabriela Hernández López,Partido Revolucionario Institucional,Durango
38,5,Victoria de Durango,Silvia Patricia Jiménez Delgado,Partido Acción Nacional,Durango
39,6,Pueblo Nuevo,José Ricardo López Pescador,Partido Revolucionario Institucional,Durango
40,7,Santiago Papasquiaro,Joel Corral Alcántar,Partido Acción Nacional,Durango
41,8,El Oro,Gerardo Galaviz Martínez,Partido Acción Nacional,Durango
42,9,Mapimí,Mario Alfonso Delgado Mendoza,Partido del Trabajo,Durango
43,10,Gómez Palacio,Alejandra del Valle Ramírez,Movimiento Regeneración Nacional,Durango
44,11,Gómez Palacio,Ofelia Rentería Delgadillo,Movimiento Regeneración Nacional,Durango
45,12,Gómez Palacio,Eduardo García Reyes,Movimiento Regeneración Nacional,Durango
46,13,Lerdo,Susy Carolina Torrecillas Salazar,Partido Revolucionario Institucional,Durango
47,14,Cuencamé,David Ramos Zepeda,Partido de la Revolución Democrática,Durango
48,15,Nombre de Dios,Sandra Luz Reyes Rodríguez,Partido Revolucionario Institucional,Durango
49,1,Acámbaro,Angélica Casillas Martínez,Partido Acción Nacional,Guanajuato
50,2,León Oriente,Armando Rangel Hernández,Partido Acción Nacional,Guanajuato
51,3,León Poniente,Luis Ernesto Ayala Torres,Partido Acción Nacional,Guanajuato
52,4,San Francisco del Rincón,Martha Guadalupe Hernández Camarena,Partido Acción Nacional,Guanajuato
53,5,Purísima del Rincón,Aldo Iván Márquez Becerra,Partido Acción Nacional,Guanajuato
54,6,Manuel Doblado,Laura Cristina Márquez Alcalá,Partido Acción Nacional,Guanajuato
55,7,Celaya Poniente,Rolando Fortino Alcántar Rojas,Partido Acción Nacional,Guanajuato
56,8,Celaya Oriente,Lilia Margarita Rionda Salas,Partido Acción Nacional,Guanajuato
57,9,Salvatierra,Katya Cristiana Soto Escamilla,Partido Acción Nacional,Guanajuato
58,10,Uriangato,Noemí Márquez Márquez,Partido Acción Nacional,Guanajuato
59,11,Yuriria,Susana Bermúdez Cano,Partido Acción Nacional,Guanajuato
60,12,Valle de Santiago,Víctor Manuel Zenella Huerta,Partido Acción Nacional,Guanajuato
61,13,Moroleón,Janet Melanie Murillo Chávez,Partido Acción Nacional,Guanajuato
62,14,Cortazar,Cuauhtémoc Becerra González,Morena,Guanajuato
63,15,Jaral del Progreso,María de la Luz Hernández Martínez,Partido Acción Nacional,Guanajuato
64,16,Irapuato Oriente,Martín López Camacho,Partido Acción Nacional,Guanajuato
65,17,Irapuato Poniente,Bricio Balderas Álvarez,Partido Acción Nacional,Guanajuato
66,18,Abasolo,Briselda Anabel Magdaleno González,Partido Acción Nacional,Guanajuato
67,19,Pénjamo,José Alfonso Borja Pimentel,Partido Acción Nacional,Guanajuato
68,20,Guanajuato,Jorge Ortíz Ortega,Partido Acción Nacional,Guanajuato
69,21,Silao,Miguel Ángel Salim Alle,Partido Acción Nacional,Guanajuato
70,22,San Miguel de Allende,César Larrondo Díaz,Partido Acción Nacional,Guanajuato
71,01,Dolores Hidalgo,María del Carmen Lozano,Partido Verde Ecologista,Guanajuato
72,02,San Felipe,Marcia Torres González,Partido Revolucionario Institucional,Guanajuato
73,03,Ocampo,José Noé Hernández Bravo,Nueva Alianza,Guanajuato
74,04,San José Iturbide,Fortunato González Islas,Movimiento Regeneración Nacional,Guanajuato
75,05,Doctor Mora,Vicente Charrez Pedraza,Partido del Trabajo,Guanajuato
76,06,Tierra Blanca,Rodrigo Castillo Martínez,Partido Acción Nacional,Guanajuato
77,07,Victoria,Lisset Marcelino Tovar,Movimiento Regeneración Nacional,Guanajuato
78,08,Xichú,Erika Araceli Rodríguez Hernández,Partido Revolucionario Institucional,Guanajuato
79,09,Atarjea,Miguel Ángel Martínez Gómez,Partido de la Revolución Democrática,Guanajuato
80,10,Santa Catarina,Jorge Hernández Araus,Movimiento Regeneración Nacional,Guanajuato
81,11,San Luis de la Paz,José Antonio Hernández Vera,Movimiento Regeneración Nacional,Guanajuato
82,12,Guanajuato,Citlali Jarámillo Ramírez,Partido Revolucionario Institucional,Guanajuato
83,13,Santa Cruz de Juventino Rosas,Elvia Yanet Sierra Vite,Partido del Trabajo,Guanajuato
84,14,Celaya,Octavio Magaña Soto,Partido Verde Ecologista,Guanajuato
85,15,Comonfort,Tania Valdez Cuellar,Partido del Trabajo,Guanajuato
86,16,Apaseo el Alto,Juana Vanessa Escalante Arroyo,Movimiento Regeneración Nacional,Guanajuato
87,17,Apaseo el Grande,Jesús Osiris Leines Medécigo,Partido del Trabajo,Guanajuato
88,18,Juventino Rosas,María Adelaida Muñoz Jumilla,Nueva Alianza,Guanajuato
89,1,La Piedad,Hugo Anaya Ávila,Partido Acción Nacional,Michoacán
90,2,Puruándiro,Julieta Hortencia Gallardo Mora,Partido de la Revolución Democrática (2021)3,Michoacán
91,3,Maravatío,Felipe de Jesús Contreras Correa,Partido Revolucionario Institucional,Michoacán
92,4,Jiquilpan,Mónica Lariza Pérez Campos,Partido Acción Nacional,Michoacán
93,5,Paracho,Eréndira Isauro Hernández,Movimiento Regeneración Nacionala,Michoacán
94,6,Zamora,Laura Ivonne Pantoja Abascal,Partido Acción Nacional,Michoacán
95,7,Zacapu,Mónica Estela Valdez Pulido,Partido de la Revolución Democrática,Michoacán
96,8,Tarímbaro,Baltazar Gaona García,Partido del Trabajo,Michoacán
97,9,Los Reyes,César Enrique Palafox Quintero,Partido Acción Nacional,Michoacán
98,10,Morelia,Marco Polo Aguirre Chávez,Partido Revolucionario Institucional (2021-2022),Michoacán
99,11,Morelia,Andrea Villanueva Cano,Partido Acción Nacional,Michoacán
100,12,Hidalgo,Ana Belinda Hurtado Marín,Partido del Trabajo,Hidalgo
101,13,Zitácuaro,Gloria del Cármen Tapia Reyes,Partido Revolucionario Institucional,Michoacán
102,14,Uruapan,Mayela del Carmen Salas Sáenz,Partido del Trabajob,Michoacán
103,15,Pátzcuaro,Samanta Flores Adame,Partido Revolucionario Institucional,Michoacán
104,16,Morelia,Rubén Iván Arróniz Vázquez,Movimiento Regeneración Nacional,Michoacán
105,17,Morelia,David Alejandro Cortés Mendoza,Partido Acción Nacional,Michoacán
106,18,Huetamo,Anabet Franco Carrizales,Movimiento Regeneración Nacional,Michoacán
107,19,Tacámbaro,Oscar Escobar Ledesma,Partido Acción Nacional,Michoacán
108,20,Uruapan,Brenda Fabiola Fraga Gutiérrez,Partido del Trabajo,Michoacán
109,21,Coalcomán,María Guillermina Ríos Torres,Partido Revolucionario Institucional,Michoacán
110,22,Múgica,Reyes Galindo Pedraza,Partido del Trabajo,Michoacán
111,23,Apatzingán,Fanny Lyssette Arreola Pichardo,Partido de la Revolución Democrática (2021)3,Michoacán
112,24,Lázaro Cárdenas,Julieta García Zepeda,Movimiento Regeneración Nacional,Michoacán
113,1,Cuernavaca,Andrea Valentina Guadalupe Gordillo Vega,Partido Acción Nacional,Morelos
114,2,Cuernavaca,Ángel Adame Jiménez,Partido Acción Nacional,Morelos
115,3,Tepoztlán,Ulises Pardo Bastida,Movimiento Regeneración Nacional,Morelos
116,4,Yecapixtla,Francisco Érik Sánchez Zavala,Partido Acción Nacional,Morelos
117,5,Temixco,Macrina Vallejo Bello,Movimiento Regeneración Nacional,Morelos
118,6,Jiutepec,Ariadna Barrera Vázquez,Movimiento Regeneración Nacional,Morelos
119,7,Cuautla,María Paola Cruz Torres,Movimiento Regeneración Nacional,Morelos
120,8,Xochitepec,Alberto Sánchez Ortega,Partido Revolucionario Institucional,Morelos
121,9,Puente de Ixtla,Luz Dary Quevedo Maldonado,Movimiento Ciudadano,Morelos
122,10,Ciudad Ayala,Verónica Anrubio Kempis,Nueva Alianza Morelos,Morelos
123,11,Jojutla,Arturo Pérez Flores,Movimiento Regeneración Nacional,Morelos
124,12,Yautepec,Agustín Alonso Gutiérrez,Nueva Alianza Morelos,Morelos
125,1,Acaponeta,Francisco Piña Herrera,Movimiento Regeneración Nacional,Nayarit
126,2,Tecuala,Ricardo Parra Tiznado,Movimiento Regeneración Nacional,Nayarit
127,3,Del Nayar,Natalia Carrillo Reza,Movimiento Regeneración Nacional,Nayarit
128,4,Tuxpan,Any Marilú Porras Baylón,Movimiento Regeneración Nacional,Nayarit
129,5,Santiago Ixcuintla,Sergio González García,Partido Verde Ecologista de México (2021)2,Nayarit
130,6,Tepic,Nadia Edith Bernal Jiménez,Partido del Trabajo (2021)2,Nayarit
131,7,Tepic,Georgina Guadalupe López Arias,Partido Verde Ecologista de México,Nayarit
132,8,Tepic,Aristeo Preciado Mayorga,Partido del Trabajo,Nayarit
133,9,Tepic,Luis Fernando Pardo González,Nueva Alianza Nayarit,Nayarit
134,10,San Blas,Juana Nataly Tizcareño Lara,Nueva Alianza Nayarit (2021)2,Nayarit
135,11,Tepic,Luis Enrique Miramontes Vázquez,Movimiento Regeneración Nacional,Nayarit
136,12,Tepic,Laura Paola Monts Ruíz,Movimiento Regeneración Nacional,Nayarit
137,13,Santa María del Oro,Rodrigo Polanco Sojo,Movimiento Regeneración Nacional,Nayarit
138,14,Xalisco,Lourdes Josefina Mercado Soto,Movimiento Regeneración Nacional,Nayarit
139,15,Compostela,Alba Cristal Espinoza Peña,Movimiento Regeneración Nacional,Nayarit
140,16,Ixtlán del Río,Tania Montenegro Ibarra,Partido del Trabajo,Nayarit
141,17,Bahía de Banderas,Alejandro Regalado Curiel,Partido Verde Ecologista de México,Nayarit
142,18,Bahía de Banderas,Héctor Javier Santa García,Movimiento Regeneración Nacional,Nayarit
143,1,Monterrey,Ivonne Álvarez García,Partido Revolucionario Institucional,Nuevo León
144,2,Monterrey,Ricardo Canavati Hadjopulos,Partido Revolucionario Institucional,Nuevo León
145,3,Monterrey,Myrna Isela Grimaldo Iracheta,Partido Acción Nacional,Nuevo León
146,4,Monterrey,Perla de los Ángeles Villarreal Valdez,Partido Revolucionario Institucional,Nuevo León
147,5,Apodaca,Gabriela Govea López,Partido Revolucionario Institucional,Nuevo León
148,6,Monterrey,Alhinna Berenice Vargas García,Partido Revolucionario Institucional,Nuevo León
149,7,Apodaca,José Filiberto Flores Elizondo,Partido Revolucionario Institucional,Nuevo León
150,8,Monterrey,Ana Isabel González González,Partido Revolucionario Institucional,Nuevo León
151,9,San Nicolás de los Garza,Nancy Aracely Olguin Díaz,Partido Acción Nacional,Nuevo León
152,10,San Nicolás de los Garza,Mauro Guerra Villarreal,Partido Acción Nacional,Nuevo León
153,11,San Nicolás de los Garza,Carlos Alberto de la Fuente Flores,Partido Acción Nacional,Nuevo León
154,12,Guadalupe,Gilberto de Jesús Gómez Reyes,Partido Acción Nacional,Nuevo León
155,13,Guadalupe,Héctor García García,Partido Revolucionario Institucional (2021-2022)3,Nuevo León
156,14,Guadalupe,Félix Rocha Esquivel,Partido Acción Nacional,Nuevo León
157,15,Guadalupe,Itzel Soledad Castillo Almanza,Partido Acción Nacional,Nuevo León
158,16,Apodaca,Elsa Escobedo Vázquez,Partido Revolucionario Institucional,Nuevo León
159,17,General Escobedo,Anylu Bendición Hernández Sepúlveda,Movimiento Regeneración Nacional (2021)a,Nuevo León
160,18,San Pedro Garza García,Luis Alberto Susarrey Flores,Partido Acción Nacional,Nuevo León
161,19,Santa Catarina,Roberto Carlos Farías García,Partido Acción Nacional (2021-2022)7,Guanajuato
162,20,García,Raúl Lozano Caballero,Partido Verde Ecologista de México,Nuevo León
163,21,Sabinas Hidalgo,Daniel Omar González Garza,Partido Acción Nacional,Nuevo León
164,22,Juárez,Julio César Cantú González,Partido Revolucionario Institucional,Nuevo León
165,23,Juárez,Carlos Rafael Rodríguez Gómez,Movimiento Ciudadano,Nuevo León
166,24,Linares,Jesús Homero Aguilar Hernández,Partido Revolucionario Institucional,Nuevo León
167,25,General Escobedo,María del Consuelo Gálvez Contreras,Nueva Alianza Nuevo León (2021-2022)8,Nuevo León
168,26,Santiago,Javier Caballero Gaona,Partido Revolucionario Institucional,Nuevo León
169,1,Querétaro,Dulce Imelda Ventura Rendón,Partido Acción Nacional,Querétaro
170,2,Querétaro,Manuel Pozo Cabrera,Partido Querétaro Independiente,Querétaro
171,3,Querétaro,Enrique Antonio Correa Sada,Partido Acción Nacional,Querétaro
172,4,Querétaro,Ana Paola López Birlain,Partido Acción Nacional,Querétaro
173,5,Querétaro,Luis Gerardo Ángeles Herrera,Partido Acción Nacional,Querétaro
174,6,Querétaro,Maricruz Arellano Dorado,Partido Acción Nacional,Querétaro
175,7,Corregidora,Luis Antonio Zapata Guerrero,Partido Acción Nacional,Querétaro
176,8,San Juan del Río,Rosendo Anaya Aguilar,Partido Acción Nacional,Querétaro
177,9,San Juan del Río,Germain Garfias Alcántara,Partido Acción Nacional,Querétaro
178,10,Pedro Escobedo,Guillermo Vega Guerrero,Partido Acción Nacional,Querétaro
179,11,Tequisquiapan,Martha Daniela Salgado Márquez,Partido Querétaro Independiente,Querétaro
180,12,El Marqués,Alejandrina Verónica Galicia Castañón,Partido Acción Nacional,Querétaro
181,13,Querétaro,Beatriz Guadalupe Marmolejo Rojas,Partido Acción Nacional,Querétaro
182,14,Cadereyta de Montes,Leticia Rubio Montes,Partido Acción Nacional,Querétaro
183,15,Jalpan de Serra,Liz Selene Salazar Pérez,Partido Querétaro Independiente (2021-2022)3,Querétaro
184,1,Kantunilkín,Julián Javier Ricalde Magaña,Fuerza por México Quintana Roo,Quintana Roo
185,2,Cancún,Susana Hurtado Vallejo,Partido Verde Ecologista de México,Quintana Roo
186,3,Cancún,Hugo Alday Nieto,Partido del Trabajo,Quintana Roo
187,4,Cancún,Cristina del Carmen Alcerreca Manzanero,Partido Verde Ecologista de México,Quintana Roo
188,5,Cancún,Mildred Concepción Ávila Vera,Movimiento Regeneración Nacional,Quintana Roo
189,6,Cancún,Andrea del Rosario González Loria,Movimiento Regeneración Nacional,Quintana Roo
190,7,Cancún,María Fernanda Cruz Sánchez,Movimiento Regeneración Nacional,Quintana Roo
191,8,Cancún,Issac Janix Alanis,Partido del Trabajo,Quintana Roo
192,9,Tulum,Silvia Dzul Sánchez,Movimiento Regeneración Nacional,Quintana Roo
193,10,Playa del Carmen,Angy Estefanía Mercado Asencio,Partido Verde Ecologista de México,Quintana Roo
194,11,Cozumel,Renán Eduardo Sánchez Tajonar,Partido Verde Ecologista de México,Quintana Roo
195,12,Felipe Carrillo Puerto,José María Chacón Chablé,Movimiento Regeneración Nacional,Quintana Roo
196,13,Bacalar,Alicia Tapia Montejo,Partido del Trabajo,Quintana Roo
197,14,Chetumal,Elda María Xix Euan,Movimiento Regeneración Nacional,Quintana Roo
198,15,Chetumal,Omar Antonio Rodríguez Martínez,Movimiento Regeneración Nacional,Quintana Roo
199,1,Gustavo A. Madero,Alberto Martínez Urincho,Movimiento Regeneración Nacional,Distrito Federal
200,2,Gustavo A. Madero,Diego Orlando Garrido López,Partido Acción Nacional,Distrito Federal
201,3,Azcapotzalco,Nancy Marlene Núñez Reséndiz,Movimiento Regeneración Nacional,Distrito Federal
202,4,Gustavo A. Madero,Nazario Norberto Sánchez,Movimiento Regeneración Nacional,Distrito Federal
203,5,Azcapotzalco,Jesús Sesma Suárez,Partido Verde Ecologista de México,Distrito Federal
204,6,Gustavo A. Madero,Jorge Gaviño Ambriz,Partido de la Revolución Democrática,Distrito Federal
205,7,Milpa Alta,José Octavio Rivero Villaseñor,Movimiento Regeneración Nacional,Distrito Federal
206,8,Tláhuac,Adriana Espinosa de los Monteros,Movimiento Regeneración Nacional,Distrito Federal
207,9,Cuauhtémoc,Esther Silvia Sánchez Barrios,Partido Revolucionario Institucional,Distrito Federal
208,10,Venustiano Carranza,María Guadalupe Morales Rubio,Movimiento Regeneración Nacional,Distrito Federal
209,11,Venustiano Carranza,María de Lourdes Paz Reyes,Movimiento Regeneración Nacional (2021-2022)3,Distrito Federal
210,12,Cuauhtémoc,Maxta Irais González Carrillo,Partido Revolucionario Institucional,Distrito Federal
211,13,Miguel Hidalgo,América Alejandra Rangel Lorenzana,Partido Acción Nacional,Distrito Federal
212,14,Tlalpan,Carlos Hernández Mirón,Movimiento Regeneración Nacional,Distrito Federal
213,15,Iztacalco,Marcela Fuente Castillo,Movimiento Regeneración Nacional,Distrito Federal
214,16,Tlalpan,Daniela Gicela Álvarez Camacho,Sin partidoa,Distrito Federal
215,17,Benito Juárez,Christian Damián von Roehrich de la Isla,Partido Acción Nacional,Distrito Federal
216,18,Álvaro Obregón,Polimnia Romana Sierra Bárcena,Partido de la Revolución Democrática,Distrito Federal
217,19,Tlalpan,María Guadalupe Chávez Contreras,Movimiento Regeneración Nacional,Distrito Federal
218,20,Álvaro Obregón,María de Lourdes González Hernández,Partido Revolucionario Institucional,Distrito Federal
219,21,Iztapalapa,Indali Pardillo Cadena,Movimiento Regeneración Nacional,Distrito Federal
220,22,Iztapalapa,Esperanza Villalobos Pérez,Movimiento Regeneración Nacional,Distrito Federal
221,23,Álvaro Obregón,Claudia Montes de Oca Olmo,Partido Acción Nacional,Distrito Federal
222,24,Iztapalapa,Gabriela Quiroga Anguiano,Partido de la Revolución Democrática,Distrito Federal
223,25,Xochimilco,Circe Camacho Bastida,Partido del Trabajo,Distrito Federal
224,26,Benito Juárez,Héctor Barrera Marmolejo,Partido Acción Nacional,Distrito Federal
225,27,Iztapalapa,Marisela Zúñiga Cerón,Movimiento Regeneración Nacional,Distrito Federal
226,28,Iztapalapa,Martha Soledad Ávila Ventura,Movimiento Regeneración Nacional,Distrito Federal
227,29,Iztapalapa,Miguel Ángel Macedo Escartín,Movimiento Regeneración Nacional,Distrito Federal
228,30,Coyoacán,Ricardo Rubio Torres,Partido Acción Nacional,Distrito Federal
229,31,Iztapalapa,Valeria Cruz Flores,Movimiento Regeneración Nacional,Distrito Federal
230,32,Coyoacán,Gerardo Villanueva Albarrán,Movimiento Regeneración Nacional,Distrito Federal
231,33,Magdalena Contreras,Ernesto Alarcón Jiménez,Partido Revolucionario Institucional,Distrito Federal
232,1,Tenosique,Dolores del Carmen Moreno Zubieta,Movimiento Regeneración Nacional,Tabasco
233,2,Cárdenas,Dariana Lemarroy de la Fuente,Movimiento Regeneración Nacional,Tabasco
234,3,Cárdenas,Euclides Alejandro Alejandro,Movimiento Regeneración Nacional,Tabasco
235,4,Huimanguillo,Rita del Carmen Gálvez Bonora,Movimiento Regeneración Nacional,Tabasco
236,5,Centla,Isabel Yazmín Orueta Hernández,Movimiento Regeneración Nacional,Tabasco
237,6,Centro,Jorge Orlando Bracamonte Hernández,Movimiento Regeneración Nacional,Tabasco
238,7,Centro,José de Jesús Hernández Díaz,Movimiento Regeneración Nacional,Tabasco
239,8,Centro,Ana Isabel Núñez de Dios,Movimiento Regeneración Nacional,Tabasco
240,9,Centro,Karla Alejandra Garrido Perea,Movimiento Regeneración Nacional,Tabasco
241,10,Centro,Jaime Humberto Lastra Bastar,Movimiento Regeneración Nacional,Tabasco
242,11,Tacotalpa,Luis Roberto Salinas Falcón,Movimiento Regeneración Nacional,Tabasco
243,12,Centro,María de Lourdes Morales López,Movimiento Regeneración Nacional,Tabasco
244,13,Comalcalco,Marlene Martínez Ruíz,Movimiento Regeneración Nacional,Tabasco
245,14,Cunduacán,Jesús Antonio Ochoa Hernández,Movimiento Regeneración Nacional,Tabasco
246,15,Emiliano Zapata,Rafael Elías Sánchez Cabrales,Movimiento Regeneración Nacional,Tabasco
247,16,Huimanguillo,Diana Laura Rodríguez Morales,Movimiento Regeneración Nacional,Tabasco
248,17,Jalpa de Méndez,Jesús Selván García,Movimiento Regeneración Nacional,Tabasco
249,18,Macuspana,Rosana Arcia Félix,Movimiento Regeneración Nacional,Tabasco
250,19,Nacajuca,David Gómez Cerino,Movimiento Regeneración Nacional,Tabasco
251,20,Paraíso,Laura Patricia Ávalos Magaña,Movimiento Regeneración Nacional,Tabasco
252,21,Centro,Emilio Antonio Contreras Martínez de Escobar,Movimiento Regeneración Nacional,Tabasco
253,1,Zacatecas,José Xerardo Ramírez Muñoz,Partido del Trabajo,Zacatecas
254,2,Zacatecas,Gabriela Evangelina Pinedo Morales,Movimiento Regeneración Nacional,Zacatecas
255,3,Guadalupe,Violeta Cerrillo Ortiz,Movimiento Regeneración Nacional,Nuevo León
256,4,Guadalupe,Roxana Del Refugio Muñoz González,Movimiento Regeneración Nacional,Nuevo León
257,5,Fresnillo,Ernesto González Romo,Movimiento Regeneración Nacional,Zacatecas
258,6,Fresnillo,Maribel Galván Jiménez,Movimiento Regeneración Nacional,Zacatecas
259,7,Fresnillo,Gerardo Pinedo Santa Cruz,Partido de la Revolución Democrática,Zacatecas
260,8,Ojocaliente,Jehú Eduí Salas Dávila,Partido Revolucionario Institucional,Zacatecas
261,9,Loreto,Imelda Mauricio Esparza,Movimiento Regeneración Nacional,Baja California Sur
262,10,Jerez,María del Refugio Ávalos Márquez,Partido Revolucionario Institucional,Zacatecas
263,11,Villanueva,Susana Andrea Barragán Espinosa,Nueva Alianza Zacatecas,Zacatecas
264,12,Villa de Cos,José David González Hernández,Partido Revolucionario Institucional,Zacatecas
265,13,Jalpa,Armando Delgadillo Ruvalcaba,Movimiento Regeneración Nacional,Zacatecas
266,14,Tlaltenango,José Guadalupe Correa Valdez,Partido Acción Nacional,Zacatecas
267,15,Pinos,Herminio Briones Oliva,Partido Revolucionario Institucional,Zacatecas
268,16,Río Grande,José Juan Mendoza Maldonado,Partido de la Revolución Democrática,Zacatecas
269,17,Sombrerete,Karla Dejanira Valdez Espinoza,Partido Acción Nacional,Zacatecas
270,18,Juan Aldama,Manuel Benigno Gallardo Sandoval,Partido Revolucionario Institucional,Zacatecas
271,1,Colima,Martha Fernanda Salazar Martínez,Partido Acción Nacional,Colima
272,2,Colima,Priscila García Delgadoa,Partido Acción Nacional (2021-2022),Colima
273,3,Colima,Alfredo Álvarez Ramírez,Movimiento Regeneración Nacional,Colima
274,4,Comala,Miguel Ángel Galindo Barragán,Partido Revolucionario Institucional,Colima
275,5,Coquimatlán,Myriam Gudiño Espíndola,Nueva Alianza,Colima
276,6,Cuauhtémoc,Hilda Lizette Moreno Ceballos,Partido Revolucionario Institucional,Distrito Federal
277,7,Villa de Álvarez,José de Jesús Dueñas García,Partido Revolucionario Institucional,Colima
278,8,Villa de Álvarez,Héctor Magaña Lara,Partido Revolucionario Institucional,Colima
279,9,Armería,Sonia Hernández Cayetano,Movimiento Regeneración Nacional,Colima
280,10,Ixtlahuacán,Armando Reyna Magaña,Movimiento Regeneración Nacional,Colima
281,11,Manzanillo,Francisco Rubén Romo Ochoa,Movimiento Regeneración Nacional,Colima
282,12,Manzanillo,Ana Karen Hernández Aceves,Movimiento Regeneración Nacional,Colima
283,13,Manzanillo,Isamar Ramírez Rodríguez,Movimiento Regeneración Nacional,Colima
284,14,Minatitlán,Andrea Naranjo Alcaraz,Movimiento Regeneración Nacional,Colima
285,15,Tecomán,Viridiana Valencia Vargas,Movimiento Regeneración Nacional,Colima
286,16,Tecomán,Julio César Cano Farías,Movimiento Regeneración Nacional,Colima
294,I Distrito,Mérida,Jesús Efrén Pérez Ballote,Partido Acción Nacional,Yucatán
295,II Distrito,Mérida,Abril Ferreyro Rosado,Partido Acción Nacional,Yucatán
296,III Distrito,Mérida,Karem Faride Achach Ramírez,Partido Acción Nacional,Yucatán
297,IV Distrito,Mérida,Victor Hugo Lozano Poveda,Partido Acción Nacional,Yucatán
298,V Distrito,Mérida,Karla Vanessa Salazar González,Partido Acción Nacional,Yucatán
299,VI Distrito,Kanasín,Manuela de Jesús Cocom Bolio,Partido Acción Nacional,Yucatán
300,VII Distrito,Mérida,Dafne Celina López Osorio,Partido Acción Nacional,Yucatán
301,VIII Distrito,Umán,Jazmín Yaneli Villanueva Moo,Movimiento Regeneración Nacional,Yucatán
302,IX Distrito,Progreso,Erik José Rihani González,Partido Acción Nacional,Yucatán
303,X Distrito,Tizimín,Esteban Abraham Macari,Partido Acción Nacional,Yucatán
304,XI Distrito,Valladolid,Luis René Fernández Vidal,Partido Acción Nacional,Yucatán
305,XII Distrito,Tekax,Raúl Antonio Romero Chel,Partido Acción Nacional,Yucatán
306,XIII Distrito,Ticul,Carmen Guadalupe González Martín,Partido Acción Nacional,Yucatán
307,XIV Distrito,Tecoh,Melba Rosana Gamboa Avila,Partido Acción Nacional,Yucatán
308,XV Distrito,Izamal,Ingrid del Pilas Santos Díaz,Partido Acción Nacional,Yucatán
309,1,Mexicali,Manuel Guerrero Luna,Movimiento Regeneración Nacional,Baja California
310,2,Mexicali,Víctor Hugo Navarro Gutiérrez,Movimiento Regeneración Nacional,Baja California
311,3,Mexicali,Alejandra María Ang Hernández,Movimiento Regeneración Nacional,Baja California
312,4,Mexicali,Liliana Michel Sánchez Allende,Movimiento Regeneración Nacional,Baja California
313,5,Mexicali,Juan Manuel Molina García,Movimiento Regeneración Nacional,Baja California
314,6,Tecate,César Adrián González García,Partido Verde Ecologista de México,Baja California
315,7,Tijuana,Julio César Vázquez Castillo,Partido del Trabajo,Baja California
316,8,Tijuana,Sergio Moctezuma Martínez López,Partido del Trabajo,Baja California
317,9,Tijuana,Marco Antonio Salinas Blásquez,Partido del Trabajo,Baja California
318,10,Tijuana,Julia Andrea González Quiroz,Movimiento Regeneración Nacional,Baja California
319,11,Tijuana,Evelyn Sánchez Sánchez,Movimiento Regeneración Nacional,Baja California
320,12,Tijuana,Ramón Vázquez Valadez,Movimiento Regeneración Nacional,Baja California
321,13,Tijuana,Gloria Arcelia Miramontes Plantillas,Movimiento Regeneración Nacional,Baja California
322,14,Tijuana,Araceli Geraldo Núñez,Movimiento Regeneración Nacional,Baja California
323,15,Playas de Rosarito,María del Socorro Adame Muñoz,Movimiento Regeneración Nacional,Baja California
324,16,Ensenada,Claudia Josefina Agatón Muñiz,Partido del Trabajo,Baja California
325,17,Ensenada,Dunnia Montserrat Murillo López,Movimiento Regeneración Nacional,Baja California
326,1,Campeche,Fabricio Fernando Pérez Mendoza,Movimiento Ciudadano (hasta 2022),Campeche
327,2,Campeche,Daniela Guadalupe Martínez Hernández,Movimiento Ciudadano,Campeche
328,3,Campeche,Hipsi Marisol Estrella Guillermo,Movimiento Ciudadano,Campeche
329,4,Campeche,Jesús Humberto Aguilar Díaz,Movimiento Ciudadano,Campeche
330,5,Campeche,José Antonio Jiménez Gutiérrez,Movimiento Regeneración Nacional,Campeche
331,6,Campeche,Karla Guadalupe Toledo Zamora,Partido Revolucionario Institucional,Campeche
332,7,Tenabo,Ramón Cuauhtémoc Santini Cobos,Partido Revolucionario Institucional,Campeche
333,8,Carmen,María Violeta Bolaños Rodríguez,Movimiento Regeneración Nacional,Campeche
334,9,Carmen,Jorge Pérez Falconi,Movimiento Regeneración Nacional,Campeche
335,10,Carmen,Dalila del Carmen Mata Pérez,Movimiento Regeneración Nacional,Campeche
336,11,Carmen,María del Pilar Martínez Acuña,Movimiento Regeneración Nacional,Campeche
337,12,Carmen,Jorge Luis López Gamboa,Movimiento Regeneración Nacional,Campeche
338,13,Escárcega,Abigail Gutiérrez Morales,Movimiento Ciudadano (hasta 2022),Campeche
339,14,Candelaria,Rigoberto Figueroa Ortiz,Partido Revolucionario Institucional,Campeche
340,15,Champotón,Balbina Alejandra Hidalgo Zavala,Movimiento Regeneración Nacional,Campeche
341,16,Seybaplaya,Liliana Idali Sosa Huchin,Movimiento Regeneración Nacional,Campeche
342,17,Calkiní,Irayde del Carmen Avilez Kantun,Movimiento Regeneración Nacional,Campeche
343,18,Hopelchén,Diana Consuelo Campos,Partido Revolucionario Institucional,Campeche
344,19,Hecelchakán,Leidy María Keb Ayala,Partido Acción Nacional,Campeche
345,20,Palizada,Landy María Velásquez May,Movimiento Regeneración Nacional,Campeche
346,21,Calakmul,Maricela Flores Moo,Movimiento Regeneración Nacional,Campeche
347,1,Tuxtla Gutiérrez,Felipe de Jesús Granda Pastrana,Movimiento Regeneración Nacional,Chiapas
348,2,Tuxtla Gutiérrez,Flor de María Esponda Torres,Movimiento Regeneración Nacional,Chiapas
349,3,Chiapa de Corzo,Martha Verónica Alcázar Cordero,Movimiento Regeneración Nacional,Chiapas
350,4,Yajalón,Jorge Manuel Pulido López,Partido Verde Ecologista de México,Chiapas
351,5,San Cristóbal de Las Casas,Fabiola Ricci Diestel,Movimiento Regeneración Nacional,Chiapas
352,6,Comitán de Domínguez,María Roselia Jiménez Pérez,Partido del Trabajo,Chiapas
353,7,Ocosingo,María de los Ángeles Trejo Huerta,Partido Verde Ecologista de México,Chiapas
354,8,Simojovel de Allende,Martha Guadalupe Martínez Ruiz,Partido Verde Ecologista de México,Chiapas
355,9,Palenque,Carlos Morelos Rodríguez,Partido del Trabajo,Chiapas
356,10,Frontera Comalapa,José Antonio Aguilar Meza,Partido Verde Ecologista de México,Chiapas
357,11,Bochil,Karina Margarita del Río Zenteno,Movimiento Regeneración Nacional,Chiapas
358,12,Pichucalco,Agustín Ruiz Mendoza,Partido Verde Ecologista de México,Chiapas
359,13,Tuxtla Gutiérrez,Paola Villamonte Pérez,Movimiento Regeneración Nacional,Chiapas
360,14,Cintalapa,Zoily Linaloe Esperanza Nango Molina,Partido Verde Ecologista de México,Chiapas
361,15,Villaflores,María Reyes Diego Gómez,Partido del Trabajo,Chiapas
362,16,Huixtla,Isidro Ovando Medina,Movimiento Regeneración Nacional,Chiapas
363,17,Motozintla,Jorge Luis Villatoro Osorio,Movimiento Regeneración Nacional,Chiapas
364,18,Mapastepec,Faride Abud García,Movimiento Regeneración Nacional,Chiapas
365,19,Tapachula,Aarón Yamil Melgar Bravo,Movimiento Regeneración Nacional,Chiapas
366,20,Las Margaritas,Cecilia López Sánchez,Partido Podemos Mover a Chiapas,Chiapas
367,21,Tenejapa,Floramla Gómez Santiz,Partido Verde Ecologista de México,Chiapas
368,22,San Juan Chamula,Cuauhtémoc Manuel Hernández Gómez,Movimiento Regeneración Nacional,Chiapas
369,23,Villa Corzo,Mario Humberto Vázquez López,Partido del Trabajo,Chiapas
370,24,Cacahoatán,Yolanda del Rosario Correa González,Partido Chiapas Unido,Chiapas
371,1,Nuevo Casas Grandes,Yesenia Guadalupe Reyes Calzadillas,Partido Acción Nacional,Chihuahua
372,2,Ciudad Juárez,Leticia Ortega Máynez,Movimiento Regeneración Nacional,Chihuahua
373,3,Ciudad Juárez,Oscar Daniel Avitia Arellanes,Movimiento Regeneración Nacional,Chihuahua
374,4,Ciudad Juárez,Rosana Díaz Reyes,Movimiento Regeneración Nacional,Chihuahua
375,5,Ciudad Juárez,Marisela Terrazas Muñoz,Partido Acción Nacional,Chihuahua
376,6,Ciudad Juárez,Deyanira Ozaeta Díaz (2021-2023)1,Partido del Trabajo,Chihuahua
377,7,Ciudad Juárez,Gustavo de la Rosa Hickerson,Movimiento Regeneración Nacional,Chihuahua
378,8,Ciudad Juárez,Cuauhtémoc Estrada Sotelo,Movimiento Regeneración Nacional,Chihuahua
379,9,Ciudad Juárez,Magdalena Rentería Pérez,Movimiento Regeneración Nacional,Chihuahua
380,10,Ciudad Juárez,María Antonieta Pérez Reyes,Movimiento Regeneración Nacional,Chihuahua
381,11,Meoqui,Ismael Pérez Pavía,Partido Acción Nacional,Chihuahua
382,12,Chihuahua,Georgina Bujanda Ríos (2021-2022)2,Partido Acción Nacional,Chihuahua
383,13,Guerrero,Rocío Guadalupe Sarmiento Rufino,Partido Acción Nacional,Chihuahua
384,14,Cuauhtémoc,Saúl Mireles Corral,Partido Acción Nacional,Distrito Federal
385,15,Chihuahua,Alfredo Chávez Madrid,Partido Acción Nacional,Chihuahua
386,16,Chihuahua,Mario Vázquez Robles (2021-2023)3,Partido Acción Nacional,Chihuahua
387,17,Chihuahua,Carlos Olson San Vicente,Partido Acción Nacional,Chihuahua
388,18,Chihuahua,Carla Rivas Martínez (2021-2023)3,Partido Acción Nacional,Chihuahua
389,19,Delicias,Roberto Marcelino Carreón Buitrón,Partido Acción Nacional,Chihuahua
390,20,Camargo,Luis Alberto Aguilar Lozoya,Partido Acción Nacional,Chihuahua
391,21,Hidalgo del Parral,Edgar José Piñón Domínguez,Partido Revolucionario Institucional,Chihuahua
392,22,Guachochi,Noel Chávez Velázquez,Partido Revolucionario Institucional,Chihuahua
393,1,Chilpancingo,Jessica Ivette Alejo Rayo,Movimiento Regeneración Nacional,Guerrero
394,2,Chilpancingo,Osbaldo Ríos Manrique,Movimiento Regeneración Nacional,Guerrero
395,3,Acapulco,Estrella de la Paz Bernal,Movimiento Regeneración Nacional,Guerrero
396,4,Acapulco,Gloria Citlali Calixto Jiménez,Movimiento Regeneración Nacional,Guerrero
397,5,Acapulco,Beatriz Mojica Morga,Movimiento Regeneración Nacional,Guerrero
398,6,Acapulco,Leticia Castro Ortiz,Movimiento Regeneración Nacional,Guerrero
399,7,Acapulco,Ricardo Astudillo Calvo,Partido Revolucionario Institucional,Guerrero
400,8,Acapulco,Marco Tulio Sánchez Alarcón,Movimiento Regeneración Nacional,Guerrero
401,9,Acapulco,Joaquín Badillo Escamilla,Movimiento Regeneración Nacional,Guerrero
402,10,Técpan,Fortunato Hernández Carbajal,Movimiento Regeneración Nacional,
403,11,Zihuatanejo,Carlos Cruz López,Movimiento Regeneración Nacional,Guerrero
404,12,Zihuatanejo,Carlos Reyes Torres,Partido de la Revolución Democrática,Guerrero
405,13,San Marcos,Manuel Quiñones Cortés,Partido Verde Ecologista de México,Guerrero
406,14,Ayutla,Ociel Hugar García Trujillo,Partido de la Revolución Democrática,Guerrero
407,15,San Luis Acatlán,José Efrén López Cortés,Movimiento Regeneración Nacional,Guerrero
408,16,Ometepec,Rafael Navarrete Quezada,Partido Revolucionario Institucional,Guerrero
409,17,Coyuca,Elzy Camacho Pineda,Partido de la Revolución Democrática,Guerrero
410,18,Pungarabato,Adolfo Torales Catalán,Partido Revolucionario Institucional,Guerrero
411,19,Eduardo Neri,Olaguer Hernández Flores,Partido Revolucionario Institucional,Guerrero
412,20,Teloloapan,Susana Paola Juárez Gómez,Partido de la Revolución Democrática,Guerrero
413,21,Taxco de Alarcón,Flor Añorve Ocampo,Partido Revolucionario Institucional,Guerrero
414,22,Iguala,Antonio Helguera Jiménez,Movimiento Regeneración Nacional,Guerrero
415,23,Huitzuco,Andrés Guevara Cárdenas,Movimiento Regeneración Nacional,Guerrero
416,24,Tixtla,Bernardo Ortega Jiménez,Partido de la Revolución Democrática,Guerrero
417,25,Chilapa,Jesús Parra García,Partido Revolucionario Institucional,Guerrero
418,26,Atlixtac,Raymundo García Gutiérrez,Partido de la Revolución Democrática,Guerrero
419,27,Tlapa,María Flores Maldonado,Movimiento Regeneración Nacional,Guerrero
420,28,Tlapa,Masedonio Mendoza Basurto,Movimiento Regeneración Nacional,Guerrero
421,1,Tequila,Eduardo Ron Ramos,Movimiento Ciudadano,Jalisco
422,2,Lagos de Moreno,Marcela Padilla de Anda,Movimiento Ciudadano,Jalisco
423,3,Tepatitlán de Morelos,Abel Hernández Márquez,Partido Acción Nacional,Jalisco
424,4,Zapopan,Alejandra Margarita Giadans Valenzuela,Movimiento Ciudadano,Jalisco
425,5,Puerto Vallarta,Yussara Elizabeth Canales González,Movimiento Regeneración Nacional,Jalisco
426,6,Zapopan,Laura Gabriela Cárdenas Rodríguez,Movimiento Ciudadano,Jalisco
427,7,Tonalá,Claudia García Hernández,Movimiento Regeneración Nacional,Jalisco
428,8,Guadalajara,Claudia Gabriela Salas Rodríguez,Movimiento Ciudadano,Jalisco
429,9,Guadalajara,Leticia Fabiola Cuan Ramírez,Movimiento Ciudadano,Jalisco
430,10,Zapopan,Mónica Paola Magaña Mendoza,Movimiento Ciudadano,Jalisco
431,11,Guadalajara,Rocío Aguilar Tejada,Movimiento Ciudadano,Jalisco
432,12,Tlajomulco de Zúñiga,Gerardo Quirino Velázquez Chávez,Movimiento Ciudadano,Jalisco
433,13,San Pedro Tlaquepaque,Lourdes Celenia Contreras González,Movimiento Ciudadano,Jalisco
434,14,Guadalajara,Priscila Franco Barba,Movimiento Ciudadano,Jalisco
435,15,La Barca,Juan Luis Aguilar García,Movimiento Ciudadano,Jalisco
436,16,San Pedro Tlaquepaque,Oscar Vásquez Llamas,Movimiento Regeneración Nacional,Jalisco
437,17,Jocotepec,María Dolores López Jara,Movimiento Ciudadano,Jalisco
438,18,Autlán de Navarro,Fernando Martínez Guerrero,Movimiento Ciudadano,Jalisco
439,19,Zapotlan el Grande,Higinio del Toro Pérez,Movimiento Ciudadano,Jalisco
440,20,Tonalá,Estefanía Padilla Martínez,Movimiento Ciudadano,Jalisco
441,2,San Juan Bautista Tuxtepec,Laura Estrada Mauro,Movimiento Regeneración Nacional,Oaxaca
442,3,Loma Bonita,Víctor Raúl Hernández López,Partido de la Revolución Democrática,Oaxaca
443,4,Teotitlán de Flores Magón,Lizbeth Anaid Concha Ojeda,Partido Revolucionario Institucional,Oaxaca
444,5,Asunción Nochixtlán,Tania Caballero Navarro,Movimiento Regeneración Nacional,Oaxaca
445,6,Heroica Huajuapan de León,Leticia Socorro Collado Soto,Movimiento Regeneración Nacional,Oaxaca
446,7,Putla Villa de Guerrero,Nicolás Enrique Feria Romero,Movimiento Regeneración Nacional,Oaxaca
447,8,Heroica Ciudad de Tlaxiaco,Sergio López Sánchez,Movimiento Regeneración Nacional,Oaxaca
448,9,Ixtlán de Juárez,Melina Hernández Sosa,Movimiento Regeneración Nacional,Oaxaca
449,10,San Pedro y San Pablo Ayutla,Pablo Díaz Jiménez,Movimiento Regeneración Nacional,Oaxaca
450,11,Matías Romero Avendaño,Rosalinda López García,Movimiento Regeneración Nacional,Oaxaca
451,12,Santa Lucía del Camino,Luis Alberto Sosa Castillo,Movimiento Regeneración Nacional,Oaxaca
452,13,Oaxaca de Juárez,Lizbeth Arroyo Rodríguez,Movimiento Regeneración Nacional,Oaxaca
453,14,Oaxaca de Juárez,Luis Alfonso Silva Romo,Movimiento Regeneración Nacional,Oaxaca
454,15,Santa Cruz Xoxocotlán,Nancy Natalia Benítez Zárate,Movimiento Regeneración Nacional,Oaxaca
455,16,Zimatlán de Álvarez,Horacio Sosa Villavicencio,Movimiento Regeneración Nacional,Oaxaca
456,17,Tlacolula de Matamoros,Haydee Irma Reyes Soto,Movimiento Regeneración Nacional,Oaxaca
457,18,Santo Domingo Tehuantepec,Dennis García Gutiérrez,Movimiento Regeneración Nacional,Oaxaca
458,19,Salina Cruz,Yesenia Nolasco Ramírez,Movimiento Regeneración Nacional,Oaxaca
459,20,Heroica Juchitán de Zaragoza,Reyna Victoria Jiménez Cervantes,Movimiento Regeneración Nacional,Oaxaca
460,21,Heroica Ciudad de Ejutla de Crespo,Leonardo Díaz Jiménez,Partido Acción Nacional,Oaxaca
461,22,Santiago Pinotepa Nacional,Minerva Leonor López Calderón,Partido de la Revolución Democrática,Oaxaca
462,23,San Pedro Mixtepec,Freddy Gil Pinesa Gopar,Partido Revolucionario Institucional,Oaxaca
463,24,Miahuatlán de Porfirio Díaz,Jaime Moisés Santiago Ambrosio,Movimiento Regeneración Nacional,Oaxaca
464,25,San Pedro Pochutla,Juana Aguilar Espinoza,Movimiento Regeneración Nacional,Oaxaca
465,1,Xicotepec de Juárez,José Miguel Octaviano Huerta Rodríguez,Partido del Trabajo,Puebla
466,2,Huauchinango,Laura Ivonne Zapata Martínez,Partido Revolucionario Institucional,Puebla
467,3,Zacatlán,Juan Enrique Rivera Reyes,Partido Revolucionario Institucional,Puebla
468,4,Zacapoaxtla,Norma Sirley Reyes Cabrera,Partido Revolucionario Institucional,Puebla
469,5,Tlatlauquitepec,Nancy Jiménez Morales,Partido Acción Nacional,Puebla
470,6,Teziutlán,Karla Victoria Martínez Gallegos,Movimiento Regeneración Nacional,Puebla
471,7,San Martín Texmelucan,Guadalupe Yamak Taja,Movimiento Regeneración Nacional,
472,8,Huejotzingo,Roberto Solís Valles,Movimiento Regeneración Nacional,Puebla
473,9,Puebla de Zaragoza,Mónica Rodríguez Della Vecchia,Partido Acción Nacional,Puebla
474,10,Puebla de Zaragoza,Nora Yessica Merino Escamilla,Partido del Trabajo,Puebla
475,11,Puebla de Zaragoza,Xel Arianna Hernández García,Movimiento Regeneración Nacional,Puebla
476,12,Amozoc,Mónica Silva Ruiz,Partido del Trabajo,Puebla
477,13,Tepeaca,Sergio Salomón Céspedes Peregrina (2021-2022),Movimiento Regeneración Nacional,Puebla
478,14,Chalchicomula de Sesma,Karla Rodríguez Palacios,Partido Acción Nacional,Puebla
479,15,Tecamachalco,María Ruth Zárate Domínguez,Movimiento Regeneración Nacional,Puebla
480,16,Puebla de Zaragoza,María Guadalupe Leal Rodríguez,Partido Acción Nacional,Puebla
481,17,Puebla de Zaragoza,Gabriel Oswaldo Jiménez López,Partido Acción Nacional,Puebla
482,18,San Pedro Cholula,Aurora Guadalupe Sierra Rodríguez,Partido Acción Nacional,Puebla
483,19,Puebla de Zaragoza,José Iván Herrera Villagómez,Movimiento Regeneración Nacional,Puebla
484,20,Puebla de Zaragoza,José Antonio López Ruiz,Partido del Trabajo,Puebla
485,21,Atlixco,María Yolanda Gámez Mendoza,Movimiento Regeneración Nacional,Puebla
486,22,Izúcar de Matamoros,Azucena Rosas Tapia,Movimiento Regeneración Nacional,Puebla
487,23,Acatlán de Osorio,Eduardo Castillo López,Movimiento Regeneración Nacional,Puebla
488,24,Tehuacán,Fernando Sánchez Sasia,Movimiento Regeneración Nacional,Puebla
489,25,Tehuacán,Olga Lucía Romero García Crespo,Movimiento Regeneración Nacional,Puebla
490,26,Ajalpan,Adolfo Alatriste Cantú,Partido Revolucionario Institucional,Puebla
491,1,Matehuala,Cinthia Verónica Segovia Colunga,Partido del Trabajo,San Luis Potosí
492,2,San Luis Potosí,Rubén Guajardo Barrera,Partido Acción Nacional,San Luis Potosí
493,3,Santa María del Río,Héctor Mauricio Ramírez Konishi,Partido Revolucionario Institucional,San Luis Potosí
494,4,Salinas,Salvador Isaías Rodríguez,Partido del Trabajo,San Luis Potosí
495,5,Soledad de Graciano Sánchez,Dolores Eliza García Román,Partido Verde Ecologista de México,San Luis Potosí
496,6,San Luis Potosí,Eloy Franklin Sarabia,Partido Verde Ecologista de México,San Luis Potosí
497,7,San Luis Potosí,María Aranzazu Puente Bustindui,Partido Acción Nacional,San Luis Potosí
498,8,San Luis Potosí,Martha Patricia Aradillas Aradillas,Partido Verde Ecologista de México,San Luis Potosí
499,9,Soledad de Graciano Sánchez,José Luis Fernández Martínez,Partido Verde Ecologista de México,San Luis Potosí
500,10,Rioverde,José Ramón Torres García,Partido Acción Nacional,San Luis Potosí
501,11,Cárdenas,Edmundo Azael Torrescano Medina,Partido Revolucionario Institucional,Tabasco
502,12,Ciudad Valles,René Oyarvide Ibarra,Partido del Trabajo,San Luis Potosí
503,13,Tamuín,Liliana Guadalupe Flores Almazán,Partido Acción Nacional,San Luis Potosí
504,14,Tancanhuitz,Yolanda Josefina Cepeda Echavarría,Partido Revolucionario Institucional,San Luis Potosí
505,15,Tamazunchale,Bernarda Reyes Hernández,Partido Acción Nacional,San Luis Potosí
506,1,El Fuerte,Martin Vega Álvarez,Partido Sinaloense (2021-2022),Sinaloa
507,2,Ahome,Juana Minerva Vázquez González,Movimiento Regeneración Nacional,Sinaloa
508,3,Ahome,César Ismael Guerrero Alarcón,Movimiento Regeneración Nacional,Sinaloa
509,4,Ahome,Elizabeth Chía Galaviz,Partido Sinaloense,Sinaloa
510,5,Ahome,Cecilia Covarrubias González,Movimiento Regeneración Nacional,Sinaloa
511,6,Sinaloa de Leyva,Feliciano Valle Sandoval,Partido Revolucionario Institucional,Sinaloa
512,7,Guasave,Alba Virgen Montes Álvarez,Partido Sinaloense,Sinaloa
513,8,Guasave,Felicita Pompa Robles,Movimiento Regeneración Nacional,Sinaloa
514,9,Salvador Alvarado,Ambrocio Chávez Chávez,Movimiento Regeneración Nacional,Sinaloa
515,10,Mocorito,Luz Verónica Avilés Rochín,Partido Sinaloense (2021-2022),Sinaloa
516,11,Navolato,Marco César Almaral Rodríguez,Movimiento Regeneración Nacional,Sinaloa
517,12,Culiacán,Almendra Negrete Sánchez,Movimiento Regeneración Nacional,Sinaloa
518,13,Culiacán,Feliciano Castro Melendrez,Movimiento Regeneración Nacional,Sinaloa
519,14,Culiacán,Jesús Alfonso Ibarra Ramos,Movimiento Regeneración Nacional,Sinaloa
520,15,Culiacán,María Victoria Sánchez Peña,Movimiento Regeneración Nacional,Sinaloa
521,16,Culiacán,Marco Antonio Zazueta Zazueta,Movimiento Regeneración Nacional,Sinaloa
522,17,Culiacán,Gene René Bojórquez Ruiz,Partido Sinaloense,Sinaloa
523,18,Culiacán,Serapio Vargas Ramírez,Movimiento Regeneración Nacional,Sinaloa
524,19,Elota,Viridiana Camacho Millán,Partido Sinaloense,Sinaloa
525,20,Mazatlán,Alma Rosa Garzón Aguilar,Movimiento Regeneración Nacional,Sinaloa
526,21,Mazatlán,María del Rosario Osuna Gutiérrez,Partido Sinaloense,Sinaloa
527,22,Mazatlán,Flor Emilia Guerra Mena,Movimiento Regeneración Nacional,Sinaloa
528,23,Concordia,Juan Carlos Patrón Rosales,Movimiento Regeneración Nacional,Sinaloa
529,24,Rosario,Rosario Guadalupe Sarabia Soto,Partido Sinaloense (2021-2022),Sinaloa
530,1,San Luis Río Colorado,Ricardo Lugo Moreno,Movimiento Regeneración Nacional,Sonora
531,2,Puerto Peñasco,Óscar Castro Castro,Movimiento Regeneración Nacional,Sonora
532,3,Heroica Caborca,María Alicia Gaytán Sánchez,Movimiento Regeneración Nacional,Sonora
533,4,Heroica Nogales,Azalia Guevara Espinoza,Movimiento Regeneración Nacional,Sonora
534,5,Heroica Nogales,José Armando Gutiérrez Jiménez,Partido Acción Nacional,Sonora
535,6,Hermosillo,Elia Sahara Sallard Hernández,Partido Revolucionario Institucional (2021-2022),Sonora
536,7,Agua Prieta,María Jesús Castro Urquijo,Movimiento Regeneración Nacional,Sonora
537,8,Hermosillo,Jacobo Mendoza Ruiz,Movimiento Regeneración Nacional,Sonora
538,9,Hermosillo,Karina Teresa Zárate Félix,Partido Revolucionario Institucional (2021-2022),Sonora
539,10,Hermosillo,Alejandra López Noriega,Partido Acción Nacional,Sonora
540,11,Hermosillo,Ivanna Celeste Tadei Arriola,Movimiento Regeneración Nacional,Sonora
541,12,Hermosillo,José Rafael Ramírez Morales,Movimiento Regeneración Nacional,Sonora
542,13,Heroica Guaymas,Sebastián Antonio Orduño Fragoza,Partido del Trabajo,Sonora
543,14,Empalme,Rebeca Irene Silva Gallardo,Movimiento Regeneración Nacional,Sonora
544,15,Ciudad Obregón,Héctor Raúl Castelo Montaño,Movimiento Regeneración Nacional,Sonora
545,16,Ciudad Obregón,Iram Leobardo Solís García,Partido del Trabajo,Sonora
546,17,Ciudad Obregón,Ernestina Castro Valenzuela,Movimiento Regeneración Nacional,Sonora
547,18,Santa Ana,Fermín Trujillo Fuentes,Nueva Alianza Sonora,Sonora
548,19,Navojoa,Próspero Valuenzuela Muñer,Movimiento Regeneración Nacional,Sonora
549,20,Etchojoa,Luis Arturo Robles Higuera,Movimiento Regeneración Nacional,Sonora
550,21,Huatabampo,Claudia Zulema Bours Corral,Partido Verde Ecologista de México,Sonora
551,1,Nuevo Laredo,Gabriela Regalado Fuentes,Movimiento Regeneración Nacional,Tamaulipas
552,2,Nuevo Laredo,Imelda Margarita Sanmiguel Sánchez,Partido Acción Nacional,Tamaulipas
553,3,Nuevo Laredo,Félix Fernando García Aguiar,Partido Acción Nacional,Tamaulipas
554,4,Reynosa,Marco Antonio Gallegos Galván,Movimiento Regeneración Nacional,Tamaulipas
555,5,Reynosa,Guillermina Magaly Deandar Robinson,Movimiento Regeneración Nacional,Tamaulipas
556,6,Reynosa,Juan Ovidio García García,Movimiento Regeneración Nacional,Tamaulipas
557,7,Reynosa,Humberto Armando Prieto Herrera,Movimiento Regeneración Nacional,Tamaulipas
558,8,Río Bravo,Casandra Prisilla de los Santos Flores,Movimiento Regeneración Nacional,
559,9,Valle Hermoso,Eliphaleth Gómez Lozano,Movimiento Regeneración Nacional,Tamaulipas
560,10,Matamoros,José Alberto Granados Fávila,Movimiento Regeneración Nacional,Tamaulipas
561,11,Matamoros,Leticia Sánchez Guillermo,Partido Acción Nacional,Tamaulipas
562,12,Matamoros,Isidro Jesús Vargas Fernández,Movimiento Regeneración Nacional,Tamaulipas
563,13,San Fernando,Marina Edith Ramírez Andrade,Partido Acción Nacional,Tamaulipas
564,14,Ciudad Victoria,José Braña Mojica,Movimiento Regeneración Nacional,Tamaulipas
565,15,Ciudad Victoria,Juan Vital Román Martínez,Movimiento Regeneración Nacional,Tamaulipas
566,16,Xicoténcatl,Liliana Álvarez Lara,Partido Acción Nacional,Tamaulipas
567,17,El Mante,Lidia Martínez López,Partido Acción Nacionala,Tamaulipas
568,18,Altamira,Consuelo Nayeli Lara Monroy,Movimiento Regeneración Nacional,Tamaulipas
569,19,Miramar,Leticia Vargas Álvarez,Partido Acción Nacional,Tamaulipas
570,20,Ciudad Madero,Jesús Suárez Mata,Movimiento Regeneración Nacional,Tamaulipas
571,21,Tampico,Edmundo José Marón Manzur,Partido Acción Nacional,Tamaulipas
572,22,Tampico,Nora Gómez González,Partido Acción Nacional,Tamaulipas
573,1,Calpulalpan,Ever Alejandro Campech Avelar,Partido de la Revolución Democrática,Tlaxcala
574,2,Tlaxco,Diana Torrejón Rodríguez,Partido Revolucionario Institucional,Tlaxcala
575,3,Xaloztoc,Jaciel González Herrera,Partido Verde Ecologista de México,Tlaxcala
576,4,Apizaco,Mónica Sánchez Angulo,Partido Encuentro Social de Tlaxcala,Tlaxcala
577,5,Yauhquemecan,Vicente Morales Pérez,Movimiento Regeneración Nacional,Tlaxcala
578,6,Ixtacuixtla,Lenin Calva Pérez,Nueva Alianza Tlaxcala,Tlaxcala
579,7,Tlaxcala,Gabriela Esperanza Brito Jiménez,Partido del Trabajo,Tlaxcala
580,8,Contla,Lupita Cuamatzi Aguayo,Movimiento Regeneración Nacional,Tlaxcala
581,9,Chiautempan,Maribel León Cruz,Partido Verde Ecologista de México,Tlaxcala
582,10,Huamantla,Miguel Ángel Caballero Yonca,Movimiento Regeneración Nacional,Tlaxcala
583,11,Huamantla,Leticia Martínez Cerón,Partido del Trabajo,Tlaxcala
584,12,Teolocholco,Brenda Cecilia Villantes Rodríguez,Movimiento Regeneración Nacional,Tlaxcala
585,13,Zacatelco,Bladimir Zainos Flores,Nueva Alianza Tlaxcala,Tlaxcala
586,14,Natívitas,Miguel Ángel Cobarrubias Cervantes,Partido del Trabajo,Tlaxcala
587,15,San Pablo del Monte,María Guillermina Loaiza Cortero,Movimiento Regeneración Nacional,Tlaxcala
588,1,Pánuco,Luis Fernando Cervantes Cruz,Movimiento Regeneración Nacional,Veracruz
589,2,Tantoyuca,Roberto Francisco San Román Solana,Movimiento Regeneración Nacional,Veracruz
590,3,Tuxpan,Genaro Ibáñez Martínez,Movimiento Regeneración Nacional,Nayarit
591,4,Álamo,Elizabeth Cervantes de la Cruz,Movimiento Regeneración Nacional,Veracruz
592,5,Poza Rica,Cecilia Josefina Guevara Guembe,Movimiento Regeneración Nacional,Veracruz
593,6,Papantla,Bonifacio Castillo Cruz,Movimiento Regeneración Nacional,Veracruz
594,7,Martínez de la Torre,Adriana Esther Martínez Sánchez,Movimiento Regeneración Nacional,Veracruz
595,8,Misantla,Othón Hernández Candenedo,Partido Acción Nacional,Veracruz
596,9,Perote,Paul Martínez Marie,Partido del Trabajo,Veracruz
597,10,Xalapa,Rosalinda Galindo Silva,Movimiento Regeneración Nacional,Veracruz
598,11,Xalapa,Ana Miriam Ferraez Centeno,Partido del Trabajo,Veracruz
599,12,Coatepec,Luis Ronaldo Zárate Díaz,Partido del Trabajo,Veracruz
600,13,Emiliano Zapata,Luis Antonio Luna Rosales,Partido Verde Ecologista de México,Tabasco
601,14,Veracruz,Fernando Arteaga Aponte,Movimiento Regeneración Nacional,Veracruz
602,15,Veracruz,Miguel David Hermida Copado,Partido Acción Nacional,Veracruz
603,16,Boca del Río,Juan Enrique de la Garza Martínez,Partido Acción Nacional,Veracruz
604,17,Medellín,José Magdaleno Rosales Torres,Movimiento Regeneración Nacional,Veracruz
605,18,Huatusco,Hugo González Saavedra,Partido Acción Nacional,Veracruz
606,19,Córdoba,Lourdes Juárez Lara,Movimiento Regeneración Nacional,Veracruz
607,20,Orizaba,Itzel López López,Movimiento Regeneración Nacional,Veracruz
608,21,Camerino Z. Mendoza,Luis Arturo Santiago Martínez,Partido Verde Ecologista de México,Veracruz
609,22,Zongolica,José Luis Tehuintle Xocua,Movimiento Regeneración Nacional,Veracruz
610,23,Cosamaloapan,Margarita Corro Mendoza,Movimiento Regeneración Nacional,Veracruz
611,24,Santiago Tuxtla,Janix Liliana Castro Muñoz,Movimiento Regeneración Nacional,Veracruz
612,25,San Andrés Tuxtla,Rafael Gustavo Fararoni Magaña,Partido Verde Ecologista de México,Veracruz
613,26,Cosoleacaque,Magaly Armenta Oliveros,Movimiento Regeneración Nacional,Veracruz
614,27,Acayucan,Marco Antonio Martínez Amador,Movimiento Regeneración Nacional,Veracruz
615,28,Minatitlán,Jessica Ramírez Cisneros,Movimiento Regeneración Nacional,Colima
616,29,Coatzacoalcos,Eusebia Cortés Pérez,Movimiento Regeneración Nacional,Veracruz
617,30,Coatzacoalcos,Sergio Lenín Guzmán Ricardez,Movimiento Regeneración Nacional,Veracruz
618,1,Ciudad Acuña,María Eugenia Calderón Amezcua,Partido Revolucionario Institucional,Coahuila
619,2,Piedras Negras,María Esperanza Chapa García,Partido Revolucionario Institucional,Coahuila
620,3,Sabinas,Jesús María Montemayor Garza,Partido Revolucionario Institucional,Coahuila
621,4,San Pedro,Jorge Abdala Serna,Partido Revolucionario Institucional,Coahuila
622,5,Monclova,María Guadalupe Oyervides Valdez,Partido Revolucionario Institucional,Coahuila
623,6,Frontera,Ricardo López Campos,Partido Revolucionario Institucional,Coahuila
624,7,Matamoros,Raúl Onofre Contreras,Partido Revolucionario Institucional,Tamaulipas
625,8,Torreón,Olivia Martínez Leyva,Partido Revolucionario Institucional,Coahuila
626,9,Torreón,Eduardo Olmos Castro,Partido Revolucionario Institucional,Coahuila
627,10,Torreón,Shamir Fernández Hernández,Partido Revolucionario Institucional,Coahuila
628,11,Torreón,Héctor Hugo Davila Prado,Partido Revolucionario Institucional,Coahuila
629,12,Ramos Arizpe,Edna Davalos Elizondo,Partido Revolucionario Institucional,Coahuila
630,13,Saltillo,Luz Elena Guadalupe Morales Nuñez,Partido Revolucionario Institucional,Coahuila
631,14,Saltillo,María Bárbara Cepeda Boehringer,Partido Revolucionario Institucional,Coahuila
632,15,Saltillo,Martha Loera Arambula,Partido Revolucionario Institucional,Coahuila
633,16,Saltillo,Álvaro Moreira Valdés,Partido Revolucionario Institucional,Coahuila
