Nombre,Partido,Estado,Cabecera Municipal
Alavez Ruiz Aleida,MORENA,Ciudad de México,Iztapalapa
Alfaro Morales Maria Isabel,MORENA,Hidalgo,Tulancingo de Bravo
Almazán Burgos Karla Yuritzi,MORENA,Estado de México,Texcoco de Mora
Almazán Muñoz Odette Nayeri,MORENA,Puebla,Ciudad Serdán
Alvarado Murguía Rosa Maria,MORENA,Veracruz, 
Ambrocio Gachuz José Guadalupe,MORENA,Morelos,Yautepec
Andazola Gómez Socorro Irma,MORENA,Baja California,Tijuana
Antonio Altamirano Carol,MORENA,Oaxaca,Salina Cruz
Arellano Reyes Martha Nabetse,MORENA,Sinaloa, 
Armendáriz Guerra Carmen Patricia,MORENA,Chiapas, 
Arreola Martínez Martha Alicia,MORENA,Durango,Guadalupe Victoria
Arriaga Rojas Justino Eugenio,MORENA,Guanajuato,Salamanca
Ascencio Ortega Reyna Celeste,MORENA,Michoacán, 
Atanacio Luna Raymundo,MORENA,Puebla,Tepeaca
Avila Flores Claudia Selene,MORENA,Ciudad de México, 
Ayala Leyva Ana Elizabeth,MORENA,Sinaloa,Los Mochis
Aysa Damas Carlos Miguel,MORENA,Campeche, 
Baldenebro Arredondo Manuel de Jesus,MORENA,Sonora,San Luis Río Colorado
Barajas García Martha,MORENA,San Luis Potosí, 
Barboza Llamas Maximiano,MORENA,Jalisco, 
Barrera Puc Rocío Natalí,MORENA,Yucatán, 
Barrera Toledo Jorge Alberto,MORENA,Morelos,Cuernavaca
Batun Chulim Wilbert Alberto,MORENA,Quintana Roo,Cancún
Bautista Bravo Juan Angel,MORENA,Estado de México,Cd. Nezahualcóyotl
Bautista Hernández Esteban,MORENA,Veracruz,Cosoleacaque
Bautista Pelaéz Maria del Carmen,MORENA,Oaxaca,Puerto Escondido
Bertín Sandoval Juan Isaías,MORENA,Baja California,Mexicali
Blancas Mercado Bruno,MORENA,Jalisco,Puerto Vallarta
Bonilla Herrera Raquel,MORENA,Veracruz,Poza Rica de Hidalgo
Borrego Adame Francisco Javier,MORENA,Coahuila,San Pedro
Briano Borunda Jesús Roberto,MORENA,Chihuahua, 
Brito Mazariegos Ismael,MORENA,Chiapas,Comitán de Domínguez
Bustamante Castellanos Adriana,MORENA,Chiapas,Tuxtla Gutiérrez
Cabada Alvidrez Hector Armando,MORENA,Chihuahua, 
Camacho Reynoso Martha Azucena,MORENA,Estado de México,Lerma de Villada
Candelario Figueroa Luz Adriana,MORENA,Jalisco,Ciudad Guzmán
Cano González Susana,MORENA,Estado de México, 
Cantón Zetina Óscar,MORENA,Tabasco, 
Carrasco Godínez Nelly Minerva,MORENA,Estado de México,Nicolás Romero
Carrazco Macias Olegaria,MORENA,Sinaloa,Mazatlán
Carrillo Cubillas Mario Miguel,MORENA,Puebla,Atlixco
Carvajal Hidalgo Alejandro,MORENA,Puebla,Heroica Puebla de Zaragoza
Castellanos Polanco Favio,MORENA,Guanajuato, 
Castillo Secundino Celestina,MORENA,Estado de México, 
Chapman Moreno Manuel Guillermo,MORENA,Sinaloa, 
Chavez Rojas Olga Leticia,MORENA,Nuevo León, 
Chávez Treviño Andrea,MORENA,Chihuahua, 
Chavira de la Rosa María Guadalupe,MORENA,Ciudad de México,Tláhuac
Cisneros Luján Angélica Ivonne,MORENA,Veracruz, 
Collado Crisolia Veronica,MORENA,Estado de México, 
Contreras Castillo Armando,MORENA,Oaxaca, 
Contreras García Janicie,MORENA,Tabasco,Paraíso
Contreras Montes Gustavo,MORENA,Estado de México,Tultitlán de Mariano Escobedo
Corona Arvizu Armando,MORENA,Estado de México,Ixtapaluca
Coutiño Gutiérrez Leonor,MORENA,Chiapas, 
Cruz Santos Flora Tania,MORENA,Veracruz,Coatzacoalcos
De la Cruz Lima José Miguel,MORENA,Estado de México, 
Del Castillo Ibarra Erika Vanessa,MORENA,Ciudad de México,Gustavo A. Madero
Del Razo Montiel Steve Esteban,MORENA,Tlaxcala,Zacatelco
Díaz García Karla Estrella,MORENA,Nuevo León, 
Diaz Vilchis Catalina,MORENA,Estado de México, 
Domínguez Escobar Angel,MORENA,Oaxaca,San Juan Bautista Tuxtepec
Domínguez Flores Rosalinda,MORENA,Oaxaca, 
Domínguez Rodríguez Roberto Ángel,MORENA,Estado de México,Zumpango de Ocampo
Duran Ruiz Félix,MORENA,Nayarit,Santiago Ixcuintla
Elizondo Guerra Olga Juliana,MORENA,Tamaulipas,Reynosa
Elorza Flores José Luis,MORENA,Chiapas,Tapachula
Espinoza Lopez Brenda,MORENA,Morelos,Jojutla
Esquivel Nava María Magdalena Olivia,MORENA,Ciudad de México, 
Fernández Hernández Shamir,MORENA,Coahuila,Torreón
Flores Pacheco José Luis,MORENA,Campeche,San Francisco de Campeche
Flores Sanchéz Marco Antonio,MORENA,Zacatecas, 
García Almaguer Hamlet,MORENA,Jalisco, 
García Anaya Lidia,MORENA,Hidalgo,Pachuca de Soto
García Montiel Otoniel,MORENA,Hidalgo, 
Garcia Moreno Maria Clemente,MORENA,Ciudad de México, 
García Sandoval Zeus,MORENA,Oaxaca, 
García Segura Marisol,MORENA,Ciudad de México, 
Girón Hernández Olimpia Tamara,MORENA,Estado de México,Ecatepec de Morelos
Godoy Rangel Leonel,MORENA,Michoacán,Lázaro Cárdenas
Gonzalez Cruz Alfredo Aurelio,MORENA,Oaxaca, 
González Hernández Alma Anahí,MORENA,Quintana Roo,Chetumal
González Robledo Erasmo,MORENA,Tamaulipas,Ciudad Madero
Guerra Mena Juanita,MORENA,Morelos,Cuautla
Guerrero Márquez Antolín,MORENA,San Luis Potosí,Ciudad Valles
Gutiérrez Camacho Oscar Eugenio,MORENA,Ciudad de México,Iztacalco
Gutiérrez Gutiérrez Daniel,MORENA,Oaxaca,Miahuatlán de Porfirio Díaz
Gutiérrez Luna Sergio Carlos,MORENA,Estado de México, 
Hernandez Espejo Rosa,MORENA,Veracruz,Veracruz
Hernández Hernández Saúl,MORENA,San Luis Potosí, 
Hernández Pérez César Agustín,MORENA,Estado de México,Chimalhuacán
Hernández Pérez María Eugenia,MORENA,Estado de México,Ecatepec de Morelos
Hernández Ruedas Bennelly Jocabeth,MORENA,Zacatecas,Fresnillo
Hernández Sáenz Claudia Alejandra,MORENA,Tamaulipas,Reynosa
Hernández Tapia Arturo Roberto,MORENA,Estado de México,Tenancingo de Degollado
Hernández Villalpando Rafael,MORENA,Veracruz,Xalapa
Hernández Villanueva Rocío,MORENA,Veracruz,Tuxpam de Rodríguez Cano
Herrera Villavicencio Mónica,MORENA,Veracruz,Martínez de La Torre
Huerta Jurado Javier,MORENA,Estado de México,Cuautitlán
Jiménez Ramírez Yolis,MORENA,Hidalgo,Actopan
Juan Carlos Irma,MORENA,Oaxaca,Teotitlán de Flores Magón
Llergo Latournerie Mario Rafael,MORENA,Tabasco,Villahermosa
López Guadarrama Carlos,MORENA,Estado de México,Chimalhuacán
Luévano Luna Salma,MORENA,Aguascalientes, 
Manzo Rodríguez Carlos Alberto,MORENA,Michoacán,Uruapan del Progreso
Mares Cossío Héctor Ireneo,MORENA,Baja California,Tijuana
Marín Díaz Fernando,MORENA,Ciudad de México, 
Márquez Alkadef Cortes Cecilia,MORENA,Jalisco, 
Martínez Díaz Esther Berenice,MORENA,Nuevo León, 
Martínez Espinoza Gabriela,MORENA,Sonora,Cd. Obregón
Martinez Lopez Jaime,MORENA,Michoacán, 
Maya Martínez Hirepan,MORENA,Michoacán, 
Medina Filigrana Marcos Rosendo,MORENA,Tabasco,Macuspana
Mejia Soto Jim,MORENA, , 
Méndez Denis Lorena,MORENA,Tabasco,Comalcalco
Mendoza Álvarez Mayra Alicia,MORENA,Chiapas, 
Merlín García María del Rosario,MORENA,Guerrero,Acapulco
Mier Velazco Moisés Ignacio,MORENA,Puebla, 
Morales Miranda Flor Ivone,MORENA,Ciudad de México,Xochimilco
Morales Romero Martha Rosa,MORENA,Veracruz,Córdoba
Moreno Guerra Evangelina,MORENA,Baja California,Tijuana
Moreno Rivera Julio Cesar,MORENA,Ciudad de México, 
Muñoz Álvarez Rubén Gregorio,MORENA,Baja California Sur, 
Murguía Lardizábal Daniel,MORENA,Chihuahua,Juárez
Narcía Coutiño Manuel de Jesús,MORENA,Chiapas,Tonalá
Narro Panameño Blanca Araceli,MORENA,Tamaulipas, 
Navarrete Rivera Alma Delia,MORENA,Estado de México,Ecatepec de Morelos
Navarro Conkle Sandra Luz,MORENA,Sonora, 
Noriega Romero Carlos,MORENA,Coahuila, 
Obrador Narváez Manuela del Carmen,MORENA,Chiapas,Palenque
Ocampo Manzanares Araceli,MORENA,Guerrero,Iguala
Ochoa Fernández Cuauhtémoc,MORENA,Hidalgo,Tula de Allende
Olua González Yessenia Leticia,MORENA,Baja California,Mexicali
Onofre Vázquez Vicente Alberto,MORENA,Estado de México,Chalco de Díaz Covarrubias
Ortega Fonseca Pedro David,MORENA,Guanajuato,Uriangato
Ortiz Tejeda Carlos Francisco,MORENA,Ciudad de México, 
Pani Barragán Alejandra,MORENA,Morelos,Jiutepec
Parra Juárez Inés,MORENA,Puebla,Ajalpan
Peña Escalante Rosangela Amairany,MORENA,Sonora,Hermosillo
Peñaloza Pérez Pedro Sergio,MORENA,Guerrero, 
Pérez Barcenas Lidia,MORENA,Ciudad de México,Venustiano Carranza
Pérez Bernabe Jaime Humberto,MORENA,Veracruz,Papantla de Olarte
Pérez Garibay Marco Antonio,MORENA,Jalisco, 
Pérez Gutiérrez Blanca Carolina,MORENA,Chiapas, 
Pérez López Beatriz Dominga,MORENA,Oaxaca,Heroica Ciudad de Tlaxiaco
Pérez Navarrete Miguel Ángel,MORENA,Hidalgo,Tepeapulco
Pérez Segura Laura Imelda,MORENA,Jalisco,Tlaquepaque
Polevnsky Gurwitz Yeidckol,MORENA,Estado de México, 
Porras Domínguez Alfredo,MORENA,Baja California Sur,San José del Cabo
Prado de los Santos Miguel,MORENA,Estado de México, 
Prieto Terrazas Susana,MORENA,Chihuahua, 
Rabelo Estrada Karla María,MORENA,Tabasco,Heroica Cárdenas
Ramírez Padilla Julieta Andrea,MORENA,Baja California,Mexicali
Ramiro Alejo Brenda,MORENA,Ciudad de México, 
Ramos Juárez Adela,MORENA,Chiapas,Bochil
Reyes Carmona Emmanuel,MORENA,Guanajuato,Valle de Santiago
Reyes Lopez Valentín,MORENA,Veracruz,Cosamaloapan
Reyes Silva María del Rosario,MORENA,Guerrero, 
Rincón Chanona Sonia,MORENA,Chiapas, 
Ríos Cheno Bernardo,MORENA,Sonora,Guaymas
Ritter Ocampo Klaus Uwe,MORENA,Morelos, 
Robledo Ruiz Juan Ramiro,MORENA,San Luis Potosí, 
Robles Gómez Manuel Alejandro,MORENA,Ciudad de México, 
Robles Ortíz Martha,MORENA,Estado de México,Cd. Nezahualcóyotl
Rodríguez González Manuel,MORENA,Tabasco,Villahermosa
Rodríguez Torres Ángel Miguel,MORENA,Estado de México, 
Rojas Martínez Beatriz,MORENA,Ciudad de México,Gustavo A. Madero
Román Ávila María Guadalupe,MORENA,Estado de México,Ecatepec de Morelos
Salazar López Noemí,MORENA,Estado de México, 
Sánchez Barrios Carlos,MORENA,Guerrero,Chilpancingo
Sánchez Ortiz Graciela,MORENA,Estado de México,Amecameca de Juárez
Sánchez Rodríguez Juan Pablo,MORENA,Estado de México,Cd. Nezahualcóyotl
Sandoval Ballesteros Pablo Amílcar,MORENA,Guerrero,Acapulco
Santiago Chepi Azael,MORENA,Oaxaca,Tlacolula de Matamoros
Santiago Manuel Iran,MORENA,Oaxaca, 
Santiago Marcos Nancy Yadira,MORENA,Sinaloa,Culiacán de Rosales
Sibaja Mendoza Jorge Ángel,MORENA,Oaxaca, 
Sierra Damián María,MORENA,Campeche,Ciudad del Carmen
Silva Hernandez Dulce Maria,MORENA,Tlaxcala, 
Tanori Córdova Judith Celina,MORENA,Sonora,Hermosillo
Tello Espinosa Claudia,MORENA,Veracruz,Xalapa
Tenorio Adame Paola,MORENA,Veracruz,San Andrés Tuxtla
Torres Escudero Mario Alberto,MORENA,Veracruz, 
Torres Navarro Juan Guadalupe,MORENA,Sinaloa, 
Torruco Garza Miguel,MORENA,Ciudad de México, 
Valadez Bojorquez Marina,MORENA,Sinaloa,Culiacán de Rosales
Valencia Cruz Rosalba,MORENA,Veracruz,Minatitlán
Valencia Medina Alma Griselda,MORENA,Michoacán, 
Varela López Víctor Gabriel,MORENA,Ciudad de México,Iztapalapa
Vargas Meraz Teresita de Jesús,MORENA,Chihuahua,Juárez
Vázquez Álvarez Brianda Aurora,MORENA,Sonora, 
Vazquez Arellano Manuel,MORENA,Veracruz, 
Vázquez Vázquez Alfredo,MORENA,Chiapas,Ocosingo
Vences Valencia Julieta Kristal,MORENA,Puebla, 
Vidal Benavides Faustino,MORENA,Veracruz, 
Vigil Hernández Elva Agustina,MORENA,Tamaulipas,H. Matamoros
Villa Villegas Alberto,MORENA,Jalisco,Tonalá
Villegas Guarneros Dulce María Corina,MORENA,Veracruz,Orizaba
Zamora Valdez Casimiro,MORENA,Sinaloa,Guasave
Zebadúa Alva Joaquín,MORENA,Chiapas,Pichucalco
Zúñiga Cuevas María del Carmen,MORENA,Colima,Manzanillo
Aguado Romero Paulina,PAN,Querétaro, 
Aguilar Coronado Marco Humberto,PAN,Puebla,Cholula de Rivadavia
Alcántar Ortega Salvador,PAN,Chihuahua,Delicias
Almaraz Smer Oscar de Jesús,PAN,Tamaulipas,Ciudad Victoria
Almendariz Puppo Marco Antonio,PAN,Baja California Sur,La Paz
Álvarez Hernández Daniela Soraya,PAN,Chihuahua,Juárez
Aranda Orozco Ana Teresa,PAN,Puebla,Heroica Puebla de Zaragoza
Azar Figueroa Anuar Roberto,PAN,Estado de México, 
Azuara Zúñiga Xavier,PAN,San Luis Potosí, 
Báez Guerrero José Luis,PAN,Querétaro, 
Balderas Hernández Itzel Josefina,PAN,Guanajuato,Irapuato
Balderas Trejo Ana María,PAN,Estado de México,Ciudad Adolfo López Mateos
Beauregard Martínez Carolina,PAN,Puebla,Heroica Puebla de Zaragoza
Becerra Moreno Monica,PAN,Aguascalientes,Aguascalientes
Bolio Pinelo Kathia María,PAN,Yucatán, 
Campuzano González Gina Gerardina,PAN,Durango,Victoria de Durango
Castell de Oro Palacios María Teresa,PAN,Estado de México,Toluca de Lerdo
Castillo Olivares Héctor Israel,PAN,Nuevo León,Santa Catarina
Castrellón Garza Francisco Javier,PAN,Durango,Victoria de Durango
Chalé Cauich Sergio Enrrique,PAN,Yucatán,Valladolid
Cifuentes Negrete Román,PAN,Guanajuato, 
Compeán Fernández Eliseo,PAN,Chihuahua, 
Contreras Duarte Laura Patricia,PAN,Chihuahua,Chihuahua
Cordero González Wendy Maricela,PAN,Nuevo León,Gral. Escobedo
Creel Miranda Santiago,PAN,Ciudad de México, 
Díaz Villalón Erika de los Ángeles,PAN,Querétaro,El Pueblito
Escudero Fabre María del Carmen,PAN,Veracruz, 
Espadas Galván Jorge Arturo,PAN,Guanajuato,León
Esquivel Arrona Ana Maria,PAN,Guanajuato,León
Felipe Torres Joanna Alejandra,PAN,Estado de México,Cuautitlán Izcalli
Galarza Castro Yesenia,PAN,Guerrero, 
Gamboa Torales María Josefina,PAN,Veracruz,Veracruz
García García José Antonio,PAN,Estado de México,Huixquilucan de Degollado
Garcia Velasco Anabey,PAN,Michoacán, 
Garza Treviño Pedro,PAN,Nuevo León,Guadalupe
Godínez del Rio Enrique,PAN,Michoacán,Zamora de Hidalgo
Gómez Cárdenas Annia Sarahí,PAN,Nuevo León,Monterrey
Gómez del Campo Gurza Mariana,PAN,Ciudad de México, 
González Alonso Carmen Rocío,PAN,Chihuahua,Chihuahua
González Azcárraga Rosa Maria,PAN,Tamaulipas,Tampico
Gonzalez Cruz Karla Veronica,PAN,Veracruz, 
González Márquez Karen Michel,PAN,Guanajuato,San Francisco del Rincón
González Urrutia Wendy,PAN,Ciudad de México,Azcapotzalco
González Zepeda Javier,PAN,Estado de México,San Miguel Zinacantepec
Gudiño Magaña Omar Francisco,PAN,Michoacán,Morelia
Gutiérrez Valdez María de los Angeles,PAN,Chihuahua,Hidalgo del Parral
Gutiérrez Valtierra Diana Estefanía,PAN,Guanajuato, 
Huerta Ling Guillermo Octavio,PAN,Ciudad de México, 
Huerta Villegas Genoveva,PAN,Puebla, 
Inzunza Armas Jorge Ernesto,PAN,Estado de México, 
Jiménez Angulo Julia Licet,PAN,Colima, 
Juárez Navarrete Berenice,PAN,Michoacán,Ciudad Hidalgo
Lara Carreón Diana María Teresa,PAN,Ciudad de México,La Magdalena Contreras
Lixa Abimerhi José Elías,PAN,Yucatán, 
López Sosa Mariela,PAN,Tamaulipas, 
Loyola Vera Ignacio,PAN,Querétaro,Santiago de Querétaro
Luna Ayala Noemí Berenice,PAN,Zacatecas, 
Macías Olvera Felipe Fernando,PAN,Querétaro,Santiago de Querétaro
Macías Zambrano Gustavo,PAN,Jalisco,Tequila
Madrazo Limón Carlos,PAN,Estado de México,Ciudad Adolfo López Mateos
Mancillas Cabrera Mariana,PAN,Nuevo León, 
Mandujano Tinajero Esther,PAN,Guanajuato,Acámbaro
Martínez López Paulo Gonzalo,PAN,Aguascalientes,Aguascalientes
Mata Atilano Noel,PAN,Aguascalientes,Jesús María
Mata Lozano Lizbeth,PAN,Baja California, 
Maturino Manzanera Juan Carlos,PAN,Durango, 
Mendoza Acevedo Luis Alberto,PAN,Ciudad de México,Benito Juárez
Monraz Ibarra Miguel Angel,PAN,Jalisco, 
Montes Estrada Berenice,PAN,Guanajuato,San Luis de La Paz
Morales Flores Jesus Fernando,PAN,Sonora, 
Murillo Manríquez Sonia,PAN,Baja California Sur, 
Núñez Cerón Sarai,PAN,Guanajuato,Celaya
Núñez Meneses Ali Sayuri,PAN,Estado de México,Coacalco de Berriozábal
Olvera Coronel Lilia Caritina,PAN,Tlaxcala, 
Olvera Higuera Claudia Gabriela,PAN,Estado de México,Naucalpan de Juárez
Oranday Aguirre Nora Elva,PAN,Coahuila, 
Pacheco Marrufo Rommel Aghmed,PAN,Yucatán,Mérida
Patrón Laviada Cecilia Anunciación,PAN,Yucatán,Mérida
Peña Flores Gerardo,PAN,Tamaulipas, 
Pérez Díaz Victor Manuel,PAN,Nuevo León, 
Pérez-Jaén Zermeño María Elena,PAN,Aguascalientes, 
Quadri de la Torre Gabriel Ricardo,PAN,Ciudad de México,Coyoacán
Ramírez Barba Éctor Jaime,PAN,Guanajuato,León
Reza Gallegos Rocío Esmeralda,PAN,Chihuahua, 
Riestra Piña Mario Gerardo,PAN,Puebla,Heroica Puebla de Zaragoza
Rivera Gutiérrez Riult,PAN,Colima,Colima
Rocha Acosta Sonia,PAN,Querétaro,Cadereyta de Montes
Rodríguez Rivera Iván Arturo,PAN,Estado de México,Naucalpan de Juárez
Romero Herrera Jorge,PAN,Ciudad de México, 
Romero Hicks Juan Carlos,PAN,Guanajuato,Guanajuato
Romero Velázquez Krishna Karina,PAN,Estado de México,Tlalnepantla de Baz
Romo Cuéllar Martha Estela,PAN,Jalisco,Lagos de Moreno
Rubio Fernández Paulina,PAN,Jalisco, 
Salgado Almaguer Pedro,PAN,Nuevo León,San Nicolás de los Garza
Sánchez Velázquez Ana Laura,PAN,Jalisco,La Barca
Sánchez Zepeda Rodrigo,PAN,Michoacán,Jiquilpan de Juárez
Solórzano Gallego Marcia,PAN,Querétaro,San Juan del Río
Tejeda Cid Armando,PAN,Michoacán, 
Téllez Hernández Héctor Saúl,PAN,Ciudad de México,Coyoacán
Terrazas Baca Patricia,PAN,Chihuahua,Cuauhtémoc
Tinajero Robles Desiderio,PAN,Jalisco,Tepatitlán de Morelos
Torreblanca Engell Santiago,PAN,Ciudad de México, 
Torres Graciano Fernando,PAN,Guanajuato,León
Tovar Vargas José Salvador,PAN,Guanajuato,Irapuato
Triana Tena Jorge,PAN,Ciudad de México,Cuajimalpa de Morelos
Valenzuela Corral Roberto,PAN,Aguascalientes, 
Valenzuela González Carlos Alberto,PAN,Veracruz, 
Valenzuela Sánchez Ana Laura,PAN,Ciudad de México, 
Varela Pinedo Miguel Ángel,PAN,Zacatecas,Jeréz de García Salinas
Verástegui Ostos Vicente Javier,PAN,Tamaulipas,Ciudad Mante
Villarreal García Ricardo,PAN,Guanajuato,San Miguel de Allende
Zapata Meraz José Antonio,PAN,San Luis Potosí,San Luis Potosí
Zavala Gómez del Campo Margarita Ester,PAN,Ciudad de México,Miguel Hidalgo
Zepeda Martínez Leticia,PAN,Estado de México, 
Abramo Masso Yerico,PRI,Coahuila,Saltillo
Aceves García Norma Angélica,PRI,Hidalgo, 
Acosta Peña Brasil Alberto,PRI,Estado de México, 
Aguilar Castillo Ricardo,PRI,Estado de México, 
Aguilar Cifuentes Yeimi Yazmín,PRI,Chiapas,San Cristóbal de las Casas
Aguirre Maldonado Ma. de Jesús,PRI,Nuevo León,Guadalupe
Alcalá Ruiz Blanca Maria del Socorro,PRI,Puebla, 
Alcántara Rojas Maria Guadalupe,PRI,Ciudad de México, 
Amezcua González Cristina,PRI,Coahuila,Monclova
Angulo Briceño Pablo Guillermo,PRI,Campeche, 
Arcos Velázquez Montserrat Alicia,PRI,Tamaulipas, 
Armentía López Pedro,PRI,Campeche, 
Ayala Villalobos Karla,PRI,Ciudad de México,Tlalpan
Azuara Yarzábal Frinné,PRI,San Luis Potosí, 
Barrera Fortoul Laura,PRI,Estado de México, 
Barrón Perales Karina Marlen,PRI,Nuevo León,Monterrey
Bernal Bolnik Sue Ellen,PRI,Estado de México,Ojo de Agua
Bueno Zertuche Jaime,PRI,Coahuila,Saltillo
Camarena Jáuregui María del Refugio,PRI,Jalisco,Tonalá
Campos Huirache Adriana,PRI,Michoacán,Zacapu
Cantú Ramírez Andrés Mauricio,PRI,Nuevo León,Apodaca
Cárdenas Monroy Oscar Gustavo,PRI,Estado de México,Atlacomulco de Fabela
Carvajal Isunza Sofía,PRI,Guanajuato, 
Casique Zárate Javier,PRI,Estado de México, 
Castellanos Ramírez Alan,PRI,Estado de México,Los Reyes Acaquilpan
Cruz Mendoza Eufrosina,PRI,Oaxaca, 
Dávila Ramírez Carolina,PRI,Zacatecas,Guadalupe
Díaz Tejeda Nelida Ivonne Sabrina,PRI,Nayarit, 
Espinoza Eguia Juan Francisco,PRI,Nuevo León,Linares
Fletes Araiza José Guadalupe,PRI,Jalisco,Autlán de Navarro
Fuentes Ávila Rodrigo,PRI,Coahuila, 
Gamboa Miner Pablo,PRI,Yucatán, 
Garza Ochoa José Luis,PRI,Nuevo León,Benito Juárez
Gómez Cambrón Sofía,PRI,Estado de México,Toluca de Lerdo
Gómez Villanueva Augusto,PRI,Ciudad de México, 
González Aguirre Mariano,PRI,Durango, 
González Zirión Xavier,PRI,Ciudad de México,Álvaro Obregón
Guajardo Villarreal Ildefonso,PRI,Nuevo León, 
Guerra Castillo Marcela,PRI,Nuevo León,Monterrey
Guerrero Esquivel Fuensanta Guadalupe,PRI,Zacatecas, 
Gutiérrez Jardón José Antonio,PRI,Coahuila,Torreón
Haro Ramírez Laura Lorena,PRI,Jalisco, 
Hernández Deras Ismael Alfredo,PRI,Durango, 
Hernández Pérez Johana Montcerrat,PRI,Hidalgo, 
Hernández Zetina Hiram,PRI,Chihuahua, 
Herrera Anzaldo Ana Lilia,PRI,Estado de México,Metepec
Iriarte Mercado Carlos,PRI,Ciudad de México, 
Jaimes Albarrán Jazmín,PRI,Estado de México,Tejupilco de Hidalgo
Jiménez Aquino Lázaro Cuauhtémoc,PRI,Puebla, 
López Castro Cynthia Iliana,PRI,Ciudad de México, 
López García Roberto Carlos,PRI,Michoacán,Morelia
Medina Ramirez Tereso,PRI,Coahuila, 
Mendoza Bustamante Marco Antonio,PRI,Hidalgo, 
Moreira Valdez Rubén Ignacio,PRI,Coahuila, 
Moreno Cárdenas Rafael Alejandro,PRI,Ciudad de México, 
Murat Hinojosa Eduardo Enrique,PRI,Morelos, 
Nassar Piñeyro Mariana Erandi,PRI,Oaxaca, 
Piñón Rivera Lorena,PRI,Veracruz, 
Rodríguez Muñoz Reynel,PRI,Guerrero,Cd. Altamirano
Ruiz Sandoval Cristina,PRI,Estado de México, 
Sámano Peralta Miguel,PRI,Estado de México,Jilotepec de Andrés Molina Enríquez
Sanchez Escobedo Maria Jose,PRI,Jalisco, 
Sánchez Ramos Paloma,PRI,Sinaloa, 
Serrano Maldonado Ma Elena,PRI,Michoacán, 
Vargas Rodríguez Sayonara,PRI,Hidalgo,Huejutla de Reyes
Viggiano Austria Alma Carolina,PRI,Hidalgo, 
Villaseñor Dávila Maribel Guadalupe,PRI,Ciudad de México,Gustavo A. Madero
Yunes Zorrilla José Francisco,PRI,Veracruz,Coatepec
Zarzosa Sánchez Eduardo,PRI,Estado de México,San Felipe del Progreso
Aguilar Piña Kevin Angelo,PVEM,San Luis Potosí,Rioverde
Alcalá Izguerra María José,PVEM,Querétaro, 
Buenrostro Martínez José Guadalupe,PVEM,Jalisco,Jocotepec
Bugarin Rodríguez Jasmine María,PVEM,Nayarit,Tepic
Carrillo Soberanis Juan Luis,PVEM,Quintana Roo,Playa del Carmen
Castrejón Trujillo Karen,PVEM,Estado de México, 
Corona Nakamura María del Rocío,PVEM,Jalisco,Guadalajara
Cruz Peláez Fatima Almendra,PVEM,Puebla,Cuautilulco Barrio
Delgadillo Gonzalez Claudia,PVEM,Jalisco,Guadalajara
Domínguez Zopiyactle Itzel Aleli,PVEM,Veracruz,Zongolica
Estefan Gillessen José Antonio,PVEM,Oaxaca,Ciudad Ixtepec
Fernández Cruz Nayeli Arlen,PVEM,Ciudad de México, 
Gallardo García Fausto,PVEM,Baja California,Tijuana
Gómez Betancourt Armando Antonio,PVEM,Veracruz,Pánuco
González Cruz Luis Arturo,PVEM,Baja California, 
González Lima Juan,PVEM,Tamaulipas,Río Bravo
Hernández Villafuerte Gilberto,PVEM,San Luis Potosí,San Luis Potosí
Huerta Valdovinos Ana Laura,PVEM,Tamaulipas,Nuevo Laredo
Llaven Abarca Jorge Luis,PVEM,Chiapas,Tuxtla Gutiérrez
López Casarín Javier Joaquín,PVEM,Ciudad de México, 
Martínez Bravo Luis Alberto,PVEM,Estado de México, 
Melgar Bravo Luis Armando,PVEM,Chiapas,Huehuetán
Mendoza Díaz Sonia,PVEM,San Luis Potosí, 
Montemayor Castillo Santy,PVEM,Quintana Roo, 
Montes de Oca Avendaño Juan Pablo,PVEM,Chiapas,Villaflores
Monzón García Eunice,PVEM,Guerrero,Ayutla de los Libres
Natale Gutiérrez Marco Antonio,PVEM,Puebla,Huauchinango de Degollado
Natale López Juan Carlos,PVEM,Veracruz, 
Navarrete Navarro Consuelo del Carmen,PVEM,Yucatán,Ticul
Navarro Muñiz Juan Manuel,PVEM,San Luis Potosí,Soledad de Graciano Sánchez
Palacios Diaz Luis Edgardo,PVEM,Guerrero,Zihuatanejo
Peña Martínez Angélica,PVEM,Veracruz,Huatusco
Peraza Ramírez Mario Xavier,PVEM,Yucatán,Progreso
Pinete Vargas María del Carmen,PVEM,Veracruz,Tantoyuca
Puente Salas Carlos Alberto,PVEM,Zacatecas, 
Quijano Tapia Janine Patricia,PVEM,Yucatán, 
Rubio Montejo Roberto Antonio,PVEM,Chiapas,Las Margaritas
Salomón Durán Ciria Yamile,PVEM,Hidalgo,Ixmiquilpan
Sánchez Sánchez Christian Joaquín,PVEM,San Luis Potosí,Tamazunchale
Santiago Barrientos Valeria,PVEM,Chiapas, 
Segovia Hernández Roberto Alejandro,PVEM,San Luis Potosí,Matehuala
Aguilar Gil Lilia,PT,Chihuahua,Juárez
Aguilar López José Alejandro,PT,Tlaxcala,Apizaco
Alcántara Martínez Leobardo,PT,Sinaloa,Mazatlán
Anaya Gutiérrez Alberto,PT,Nuevo León, 
Baltierra García Jaime,PT,Puebla,San Martín Texmelucan de Labastida
Bernal Camarena Ana Laura,PT,Sonora,Nogales
Bernal Martínez Mary Carmen,PT,Michoacán,Heroica Zitácuaro
Celestino Rosas Araceli,PT,Puebla,Tehuacán
Espinosa Ramos Francisco Amadeo,PT,Chiapas, 
Favela Peñuñuri Francisco,PT,Estado de México,Teotihuacán de Arista
Femat Bañuelos Alfredo,PT,Zacatecas,Zacatecas
Fernández Noroña José Gerardo Rodolfo,PT,Ciudad de México,Iztapalapa
Garay Loredo Irma Yordana,PT,Tlaxcala,Tlaxcala de Xicohténcatl
García García Margarita,PT,Oaxaca,Heroica Ciudad de Huajuapan de León
García Hernández Jesús Fernando,PT,Sinaloa,Guamúchil
Garduño Garduño Marisela,PT,Estado de México,Ecatepec de Morelos
Maceda Carrera Nelly,PT,Puebla,Acatlán de Osorio
Martínez Romano Esther,PT,Puebla,Teziutlán
Martínez Ruiz Maribel,PT,Oaxaca, 
Martínez Ventura Luis Enrique,PT,Estado de México,Valle de Chalco Solidaridad
Moreno Hernández Brígido Ramiro,PT,Coahuila,Piedras Negras
Núñez Monreal Magdalena del Socorro,PT,Ciudad de México, 
Ortiz Rodríguez Jorge Armando,PT,Nayarit,Compostela
Paez Güereca Maria De Jesús,PT,Durango, 
Reyes Ledesma Armando,PT,Baja California,Ensenada
Robles Montoya Ángel Benjamín,PT,Oaxaca,Oaxaca de Juárez
Rojo Pimentel Ana Karina,PT,Ciudad de México,Iztapalapa
Rosete Sánchez María de Jesús,PT,Ciudad de México,Cuauhtémoc
Sandoval Flores Reginaldo,PT,Michoacán, 
Vázquez García Dionicia,PT,Estado de México,Santa Maria Tultepec
Vázquez González Pedro,PT,Ciudad de México, 
Vázquez Romero Shirley Guadalupe,PT,Sonora,Navojoa
Wences Real Victoriano,PT,Guerrero,Tlapa
Adams Pereyra Olga Zulema,MC,Baja California, 
Álvarez Máynez Jorge,MC,Jalisco, 
Álvarez Solis Maria Asención,MC,Jalisco,Santa Cruz de las Flores
Banquells Núñez María Del Rocío,MC,Ciudad de México,Tlalpan
Barrera Sepúlveda Sergio,MC,Jalisco,Tlaquepaque
Caro Cabrera Salvador,MC,Jalisco, 
Castañeda González Omar Enrique,MC,Durango,Gómez Palacio
Chávez Pérez Maria Leticia,MC,Jalisco,Guadalajara
Chertorivski Woldenberg Salomón,MC,Ciudad de México, 
de la Garza Garza Arturo Bonifacio,MC,Nuevo León, 
Delgado Ventura Pablo Gil,MC,San Luis Potosí, 
Fernández Castillo Horacio,MC,Jalisco,Zapopan
Flores Gómez Mirza,MC,Jalisco, 
García Medina Amalia Dolores,MC,Zacatecas, 
Garza Marín José Mauro,MC,Jalisco,Guadalajara
Herrera Vega Manuel Jesús,MC,Jalisco,Zapopan
Limón García María Elena,MC,Jalisco, 
Martínez Cosío Elvia Yolanda,MC,Jalisco, 
Mejía Ibáñez Julieta,MC,Nayarit, 
Ochoa Mejía Ma Teresa Rosaura,MC,Estado de México, 
Ochoa Mijares Braulio Lopez,MC, , 
Ortega de la Cruz Jessica,MC,Morelos, 
Ortega Pacheco Ivonne Aracelly,MC,Yucatán, 
Pintos Caballero Andrés,MC,Nuevo León,García
Rodríguez Carrillo Mario Alberto,MC,Jalisco, 
Rodríguez González Taygete Irisay,MC,Jalisco,Zapopan
Samperio Chaparro Rodrigo Herminio,MC,Estado de México, 
Castañeda Navarrete Marcelino,PRD,Ciudad de México,Iztapalapa
Chávez Flores Maria Macarena,PRD,Michoacán,Pátzcuaro
Chávez Ruiz Héctor,PRD,Hidalgo, 
Díaz Acevedo Edna Gisel,PRD,Estado de México, 
Espinosa Cházaro Luis Angel Xariel,PRD,Ciudad de México, 
Espinosa Morales Olga Luz,PRD,Chiapas, 
Fernández Piña Laura Lynn,PRD,Quintana Roo,Cancún
Huacus Esquivel Francisco Javier,PRD,Michoacán,Apatzingán de La Constitución
Pérez Valdez Elizabeth,PRD,Ciudad de México, 
Prieto Gómez Mauricio,PRD,Michoacán,Puruándiro
Rafael Dircio Fabiola,PRD,Guerrero,Chilapa
Rodríguez Sarabia Leslie Estefania,PRD,Baja California, 
Sodi Gabriela,PRD,Ciudad de México,Cuauhtémoc
Torres Rosales Miguel Angel,PRD,Zacatecas, 
Velazquez Flores Jesus Alberto,PRD,Veracruz, 
